Element Count,Downforce,Front Axle Moment,Rear Axle Downforce,Rear Axle Moment,Front Axle Downforce,Frontal Area,Cl,ClA,Drag,Cd,CdA,Sidepod DF,Rear Wing DF,Front Wing DF,Aero Efficiency,FA-RA Difference,RW 3rd Element AOA,RW 3rd Element X,RW 3rd Element Z,RW 2nd Element AOA,RW 2nd Element X,RW 2nd Element Z,RW 1st Element AOA,RW 1st Element X,RW 1st Element Z,RW Biplane1 Element AOA,RW Biplane1 Element X,RW Biplane1 Element Z,RW Biplane2 Element AOA,RW Biplane2 Element X,RW Biplane2 Element Z,FW 3rd Element AOA,FW 3rd Element X,FW 3rd Element Z,FW 1st Element AOA,FW 1st Element Z,FW 2nd Element AOA,FW 2nd Element X,FW 2nd Element Z,Bullhorn AOA,Bullhorn X,Bullhorn Z Angle,FW Biplane Element AOA,FW Biplane Element Z,Diffuser_Angle1,Expansion_Point1,Gurney_Height1,Intake_Length1,Outlet_Length1,Sidepod_Width1,Strake_Offset1
21734164,146.552024574722,-3522.72389309242,57.283730401672,5489.6486414667,89.2682941726746,0.55137164961033,6.48733436655297,3.5769322512601,62.7662858946465,2.77843915651687,1.53195258107064,17.2137659430193,57.8005010209978,61.9027378580072,2.33488444450433,31.9845637710026,13.5067,121.9061,-29.9851,2.6214,116.4015,-8.9553,24.2703,43.5692,-36.3853,4.5332,27.0937,-38.5502,4.3429,-8.4286,-24.1122,13.6161,-11.7358,10.5203,-3.745,-10.5593,-2.0941,-8.11,-12.8106,-1.8866,42.3253,8.1435,14.7084,13.7887,15.9873,0.4827,0.2156,0.132,0.6222,0.579,0.2243
18606356,127.600887350271,-3573.24922749208,58.1053331505788,4273.70297858007,69.4955541993653,0.516577639599244,6.02888435949421,3.11438685184432,55.0918634231494,2.60297934147957,1.34464092414711,12.9062692079189,57.9842976903547,50.8068982545631,2.31614760187352,11.3902210487865,-8.5784,4.0315,-36.1401,-7.3075,12.8013,-13.4928,12.7934,19.8278,-38.1897,7.7524,-96.3936,-30.7929,-7.9546,-111.7909,-26.1635,12.6428,-1.2383,8.8996,-4.6848,-10.3864,0.7001,-8.8228,-10.0582,-5.4907,69.5523,-12.0325,13.1591,1.8347,15.9099,0.4218,0.202,0.0744,0.5609,0.5221,0.206
18698821,132.722614039957,-3181.63444744795,51.7372054851247,4980.2837857507,80.9854085544923,0.525282446998069,6.16695688918636,3.23939420528341,58.9822666592734,2.74061129932783,1.43959500958148,13.3453162942048,51.1039708836009,58.8537883792731,2.25021216642392,29.2482030693676,-2.6265,76.5687,-12.4232,-6.7028,43.6958,-7.3202,25.9291,108.6364,-18.9686,5.4499,-73.5427,4.1818,6.0847,-243.6217,-31.6267,6.118,3.5318,8.1612,-4.0255,-10.4101,-4.0202,-2.574,-15.2584,-0.3138,-11.6947,-1.0442,4.334,9.2008,6.8306,0.5955,0.239,0.1453,0.6673,0.6415,0.1755
20599339,132.051282639332,-3011.68834294527,48.9736772812155,5108.94565215337,83.0776053577781,0.521293781101652,6.18271123651145,3.22300891794072,54.4080382366523,2.5474132673218,1.32795069415069,13.3758896716712,54.9409135940252,57.9528224803677,2.42705465808129,34.1039280765626,12.9225,68.5609,-49.5296,9.4441,118.3381,-0.2815,8.3008,71.5566,13.5907,9.5214,-83.3007,-9.3209,5.6235,-266.2744,-17.0947,8.1584,9.6172,11.9332,-4.7276,-10.3944,-5.8149,-1.4382,-15.7643,-9.6538,50.2134,6.5792,5.3026,14.3097,15.6555,0.4121,0.0894,0.0623,0.6161,0.5369,0.1699
17263895,134.056760926594,-5113.34632362289,83.1491655724576,3130.61669055429,50.9075953537928,0.517005845674107,6.32866581939207,3.27195722394361,60.7192314519263,2.86648522620936,1.4819896184887,22.2567300292299,69.8742869637731,39.3493464397537,2.2078138626101,-32.2415702186648,7.0001,104.6902,23.4176,7.7846,25.0852,-15.9216,11.0239,0.327,-32.0519,6.0037,-32.5317,-16.979,-8.0039,9.2013,-24.211,5.0911,-14.1551,14.062,-4.0432,-10.4783,-4.043,2.7552,-7.0654,6.8669,63.3748,-14.3511,11.9823,9.0125,15.9713,0.5567,0.2189,0.0945,0.6354,0.5782,0.1759
22200467,126.480049345826,-3833.25322143818,62.333311029223,3944.77186011107,64.1467383162795,0.547809706751205,5.63522404419648,3.08703043112862,60.9519569050343,2.71566887322227,1.48766976907327,8.16265743843733,59.0906864729441,51.7269379668529,2.07507774595141,1.81342728705648,11.6821,64.9991,-1.7716,6.1264,-3.6491,-37.4566,21.3319,58.3279,-31.6133,8.5219,-243.6823,19.1365,5.7692,-210.7855,2.9413,6.4754,6.1657,8.8577,-3.6031,-10.5798,-0.8955,8.2397,-11.2301,-6.0784,-23.6656,-4.0299,-3.6653,13.542,5.1259,0.5759,0.0702,0.0855,0.5683,0.6763,0.2269
22266827,141.782106612319,-3508.21504965323,57.0477991447148,5210.82630943281,84.7343074672409,0.526744614749763,6.56961920833997,3.46051153894968,55.8960709845583,2.5900017314243,1.36426946422031,13.8698481952642,59.0422003225654,60.356022100895,2.53653081719262,27.686508322526,-0.3244,133.4469,9.7431,-1.4655,83.8944,-42.5531,15.7946,-6.3294,-35.0825,13.8901,-230.7029,1.4052,3.2856,-136.3642,-19.238,12.2268,-5.9081,16.1562,-3.7195,-10.2698,2.0025,6.8478,-4.8463,7.8161,37.9859,-15.8724,-2.9341,5.4193,13.2301,0.4441,0.074,0.1372,0.5255,0.6766,0.2188
23691723,141.336131048722,-3105.20406887226,50.4943555389757,5586.41154886287,90.8417755093848,0.505274887460228,6.82722723453047,3.44962647259279,54.4023636228767,2.62790056437087,1.32781216191916,14.4139515914403,56.4112587289323,63.6206100879982,2.59797776487214,40.3474199704091,-5.7817,88.7507,-29.1851,-0.5848,21.5698,-20.1105,9.0245,13.6275,4.076,12.2499,-216.0717,-18.7008,6.3863,2.2018,-47.6597,9.4916,-9.6877,10.6881,-3.7096,-10.4211,-3.155,7.0361,-14.428,-13.5656,38.6501,-6.5485,13.5798,8.4177,13.0094,0.4373,0.2041,0.0798,0.5978,0.6079,0.1917
19208195,127.649203884809,-2483.15167644544,40.3790349447715,5366.77180627815,87.2701689397109,0.567845207213857,5.48664692073035,3.1155661576114,53.7728865709184,2.31127835931785,1.31244833887575,10.9795007145434,45.826274568403,59.9537759982213,2.37385812860277,46.8911339949394,-2.9063,145.3718,-49.4319,14.7593,100.7933,-6.1659,21.5956,95.9344,-3.3182,11.0111,-25.2197,15.9284,-2.1174,-99.984,-0.7297,8.1408,-4.6312,14.2803,-3.4111,-10.2439,3.7908,-6.0394,-4.7926,-2.4387,48.2877,3.3938,4.1348,6.9723,9.3829,0.4393,0.2431,0.126,0.546,0.671,0.1791
23285630,113.164194052815,-1679.69157191615,27.3138066120589,5279.46083376835,85.8503874404664,0.517149511323873,5.34086753810294,2.76202703737547,45.1165458222143,2.12930863008434,1.10117091750582,11.9509347979295,34.51003723775,60.1121030882665,2.50826369772962,58.5365808284075,5.1381,4.5318,-48.4516,23.4457,74.7881,0.1808,5.9497,6.468,16.9501,3.403,21.9497,1.751,-9.0915,-232.5534,12.1204,10.7371,16.1908,13.1174,-4.5843,-10.2582,-2.7874,0.2965,-13.6817,-4.1512,40.6942,-11.5655,2.6341,13.4371,16.0231,0.4905,0.2259,0.0684,0.6725,0.5871,0.1615
19137254,139.69819929777,-3298.08424098292,53.6308192853058,5292.80502262231,86.0673800121063,0.518831672301909,6.57178266607981,3.40964899064688,56.1873735022617,2.64320663466569,1.3713793185031,12.4856730299224,60.0019800872891,61.9126354605498,2.48629168067709,32.4365607268005,-1.911,105.8102,16.6399,-1.8112,-0.4506,-31.3579,11.8366,49.9793,-14.741,9.9773,-241.3548,2.2008,-9.5643,51.4047,-36.9822,10.7804,4.0048,7.0781,-2.9748,-10.4336,-5.9544,0.1016,-10.0578,-2.5411,57.3746,-16.5881,10.3309,1.7749,7.4879,0.5407,0.2303,0.0682,0.6303,0.6092,0.1897
15904146,109.63264701897,-2514.75619573843,40.8929624672219,4227.21997110061,68.7396845514677,0.522440748101408,5.12178951467653,2.67583154566555,50.4379604629773,2.3563475302776,1.23105196650513,15.1430672517412,39.6971880938363,48.3152893161384,2.17361380223618,27.8467220842457,13.7173,68.3121,-3.1862,22.6115,47.6752,11.2088,9.2815,71.0051,2.2949,10.1845,-68.9116,-32.262,-0.9543,-165.8971,15.0987,13.2918,14.7974,14.0883,-2.8985,-10.3407,-0.1428,-5.796,-10.5178,-10.1065,74.0735,-1.8168,3.048,14.3746,10.3185,0.4479,0.2292,0.1157,0.6312,0.5834,0.1756
17078802,153.267175140373,-4385.17292376578,71.3081896717133,5040.15493296596,81.9589854682672,0.533987473155117,7.00546515202781,3.74083063480756,63.7028358253654,2.91169975600596,1.55481119529599,12.9373409940356,69.9222312875004,61.4039417530414,2.40597099257149,10.6507957965539,7.3398,42.9234,0.2977,6.5326,8.4329,7.7125,16.2272,3.6515,-33.1705,4.5837,-143.0264,16.3275,-0.4476,-185.804,-6.7164,6.9017,5.0356,15.2893,-3.0503,-10.5681,0.3434,-4.585,0.1255,3.8717,-9.3192,-8.2438,-3.2842,6.5375,6.1024,0.5157,0.1155,0.0949,0.5707,0.5637,0.1867
21452539,136.699152797233,-3760.31957041754,61.1473220817304,4646.14014068073,75.5518307151525,0.515865585488065,6.46767440677948,3.33645064459947,57.5712500413654,2.72388008878998,1.40515599680292,11.390021866068,64.2192023026014,56.1209488765809,2.37443433482881,14.4045086334221,-6.3288,124.6562,4.8343,5.1037,102.7525,-40.0772,3.2034,49.3388,-36.5476,1.7439,-140.1284,-42.6704,2.6513,-87.0339,-44.0597,13.5991,-9.9895,12.1268,-4.4657,-10.4018,-0.9877,-4.7822,-8.9305,-6.5597,-15.7883,7.028,-0.9038,7.1316,5.4384,0.5552,0.2469,0.0734,0.6928,0.5926,0.2098
20122887,117.587732213028,-2215.25771794771,36.0227567462695,5015.92486907591,81.5649754664574,0.546312823753099,5.25338817779682,2.86999332968333,53.5037040973174,2.39034907199312,1.30587835127616,14.5085793963629,37.7983479502331,56.178565824533,2.19774937449469,45.5422187201879,13.8627,92.9654,14.0723,36.4047,79.2893,24.1945,19.6238,83.6257,27.205,14.0839,-55.6629,-28.2124,2.7008,-144.1664,40.3504,13.5156,33.1053,16.5502,-2.3144,-10.1899,1.2036,-4.1994,-8.9357,-4.4348,93.059,5.0558,12.1664,14.8328,14.7515,0.4799,0.2417,0.1307,0.6395,0.5875,0.2204
19371678,163.01560096441,-4196.7072514219,68.2435110048198,5828.11041383814,94.7720899591724,0.551434161333328,7.21529962133916,3.97876269546184,66.7802005354379,2.95578553700204,1.6299211186779,18.2923557244028,70.2529942210507,66.5933220987552,2.44107684100025,26.5285789543526,5.5725,125.7563,24.3332,6.593,108.2121,-22.649,15.8435,51.6467,-36.4567,3.4175,-120.0618,-40.3631,3.6663,-77.6013,-32.8891,13.6093,-8.9417,13.0906,-4.0333,-10.3073,-0.3239,-2.7855,-6.6024,-3.7558,14.4308,7.6973,9.7125,11.6584,12.6117,0.6132,0.2719,0.1203,0.7493,0.6035,0.2214
25357721,108.175142955466,-1474.86703768964,23.983113161662,5177.47836745194,84.1920297935267,0.543121914168197,4.86126193975681,2.64025788999372,48.8924870395488,2.19717006968284,1.19333121399921,12.612159685401,31.1712810199499,58.137476375867,2.21251054109732,60.2089166318647,15.5242,61.9731,-20.6095,23.7658,126.0239,-15.3026,15.0804,173.2807,15.4159,15.3357,-204.9329,-1.8052,7.4061,39.5463,-25.1119,12.1366,-11.7407,13.9271,-3.4549,-10.4697,-2.9821,15.3216,-8.593,-6.2331,5.2848,7.4189,4.3927,12.8491,18.282,0.5962,0.242,0.1189,0.593,0.5617,0.2179
21874007,127.724600023958,-2921.12079189225,47.500939895287,4933.43925655363,80.223660128344,0.53958412509188,5.77742411881404,3.117406338435,58.4634559865184,2.64450372616064,1.42693222938261,13.0093376491512,48.6541007929821,57.2482238013751,2.18469123777785,32.722720233057,-2.4534,78.2864,-36.4928,-5.406,69.076,-17.0741,30.3074,161.1406,7.7593,8.8814,11.8941,-5.7098,1.0586,-191.7175,-41.9512,12.5014,-7.0176,16.2175,-4.3214,-10.5377,1.2533,13.5147,2.2509,-4.2894,55.9863,-0.0732,8.8723,11.1756,15.183,0.5464,0.138,0.0972,0.592,0.5749,0.1874
22507488,156.666234531105,-4594.46288248842,74.7114962989381,5039.89374464253,81.9547382317657,0.541598383233877,7.06019864214707,3.82379216989687,65.6151146651455,2.95695971023806,1.60148459835265,18.0034388578625,72.9636476388531,59.1658823178242,2.38765466357289,7.24324193282752,8.1713,106.7561,32.3893,8.714,36.0431,-14.7513,13.4083,5.5161,-31.3239,6.2684,-30.3852,-13.3551,-5.7815,9.836,-24.1944,6.6256,-13.7196,14.6995,-3.9896,-10.4637,-3.6922,4.7109,-6.0313,8.4426,66.6585,-10.302,12.5384,9.9868,15.9746,0.5744,0.2197,0.1035,0.6385,0.5784,0.1875
19060117,111.453489049729,-1660.03557377244,26.9941764245645,5193.91520928497,84.4593126248791,0.523072233327774,5.20056903402707,2.7202732592038,45.5188147073922,2.12396884342721,1.11098912645008,13.2083393117757,33.0725868673397,59.0446069470017,2.44851474640066,57.4651362003146,6.3934,16.2693,-45.8663,26.5693,78.9494,1.4598,8.6978,10.1781,24.417,3.5726,22.104,7.3932,-7.0764,-225.8297,17.1929,11.169,20.3797,13.5069,-4.4584,-10.213,-2.6834,1.5574,-13.551,-3.8115,40.9063,-8.6092,4.6868,13.4969,16.0292,0.4921,0.228,0.0811,0.6826,0.5887,0.1741
21167349,123.252137255443,-2363.51548694943,38.4336065111634,5216.0057093634,84.8185307439636,0.571271426364387,5.26587840573561,3.00824586790601,53.0962985616909,2.26850956297029,1.29593469375929,12.8176694212262,42.473641472542,58.0299486010051,2.32129433866732,46.3849242328002,-0.9367,147.2491,-47.2539,16.2159,102.0419,-5.8535,21.9166,100.1237,0.3853,11.7885,-23.9642,22.03,-1.3422,-97.7867,1.8892,8.7978,-3.7786,14.7315,-3.3711,-10.2061,4.4969,-5.7909,-3.8304,-2.3725,48.9078,3.9638,5.5728,7.8993,10.2811,0.4463,0.2475,0.127,0.5582,0.6858,0.1863
21298317,133.510752903016,-3455.4017754246,56.1889917404574,4754.98389494157,77.3217611622164,0.522870778890032,6.23219108700042,3.25863060785143,56.6485951830427,2.6443178718894,1.38263654530764,12.5632224296019,60.1399555115289,56.6562268259327,2.35682372125233,21.1327694217591,-0.5234,106.776,20.5564,-1.4122,6.5606,-29.4761,12.9556,50.3639,-12.9229,10.4672,-236.5227,5.6239,-8.3126,52.4817,-35.9011,11.0356,5.4214,7.3879,-2.9055,-10.4223,-5.6069,0.8407,-9.8101,-2.4822,58.5484,-14.3622,10.7774,3.0003,8.3549,0.5477,0.2321,0.0758,0.6312,0.6128,0.1939
24598433,135.219412882052,-3186.03609089909,51.8087815053952,5129.42544116639,83.4106313763104,0.506556932793822,6.51522873887639,3.30033428641538,54.3548955297114,2.61896254321634,1.32665363299358,14.8929904787518,54.5826267248983,58.5532619142997,2.48771360085015,31.6018498709151,-4.6244,90.0769,-29.1403,-0.3924,25.3631,-19.4858,9.9393,14.8251,6.3418,12.7129,-213.1537,-17.5892,6.5089,2.3294,-46.3411,9.7391,-9.5648,10.6982,-3.7075,-10.4128,-3.0913,7.9448,-14.3309,-12.8649,38.8412,-5.667,13.6565,8.7829,13.2119,0.4409,0.205,0.0839,0.5997,0.6102,0.1943
21734164,146.552024574722,-3522.72389309242,57.283730401672,5489.6486414667,89.2682941726746,0.55137164961033,6.48733436655297,3.5769322512601,62.7662858946465,2.77843915651687,1.53195258107064,17.2137659430193,57.8005010209978,61.9027378580072,2.33488444450433,31.9845637710026,13.5067,121.9061,-29.9851,2.6214,116.4015,-8.9553,24.2703,43.5692,-36.3853,4.5332,27.0937,-38.5502,4.3429,-8.4286,-24.1122,13.6161,-11.7358,10.5203,-3.745,-10.5593,-2.0941,-8.11,-12.8106,-1.8866,42.3253,8.1435,14.7084,13.7887,15.9873,0.4827,0.2156,0.132,0.6222,0.579,0.2243
18827173,144.632010140333,-3903.2441472016,63.4714477222114,4991.05505875865,81.1605624177515,0.552821528524292,6.38555060568562,3.53006984630434,66.594541611235,2.94017081770746,1.62538972556756,10.5861191591959,69.0972926597029,60.6592136203205,2.17182980227816,17.6891146955401,12.0991,132.6878,-22.0186,5.9703,81.8306,-11.8648,13.6766,83.2289,-12.2225,9.4332,-57.9292,-16.8166,7.1497,-43.3353,15.1355,13.3767,-6.0873,12.2464,-3.4016,-10.5953,0.4391,5.2174,-15.8033,6.0846,52.4931,-8.7959,12.7359,8.5322,8.5711,0.5474,0.1485,0.1273,0.544,0.5533,0.152
21414559,127.802465097777,-3737.96060456364,60.7837383860152,4121.38783936655,67.0187267114349,0.529460655397851,5.89148029571447,3.11930701863251,58.2256129480246,2.68410355877517,1.42112722938481,13.0459893919267,62.0977238414703,48.4224962848702,2.19495267850355,6.23498832541971,-1.9778,24.6444,-26.8254,4.1061,124.829,3.1591,6.9381,146.7282,7.0889,9.9918,-47.0036,17.5238,2.76,-71.4984,9.7359,4.5956,0.8204,12.7885,-3.0052,-10.4026,2.2972,-1.2887,-14.8736,-1.5132,35.3844,-0.9514,9.8329,6.5775,10.2254,0.4392,0.2286,0.1192,0.5788,0.6134,0.1929
19630261,152.030993374135,-3747.84918227597,60.944538561368,5601.4583626921,91.0864548123775,0.520328839733272,7.1313722190329,3.71065863243548,59.4092448209948,2.78673070975438,1.45001635685558,19.5344415666655,64.8377394093601,61.7128057921518,2.55904605137159,30.1419162510095,-4.3482,44.1306,10.0662,-8.5387,47.5191,-39.9973,13.4622,97.9322,19.7809,7.4015,54.4193,15.9347,-6.2131,-81.066,18.0626,10.6342,-11.7803,9.1853,-3.9029,-10.2626,-3.3462,-4.1791,-13.3141,-12.1502,57.8578,-9.1884,-0.0781,2.4484,13.6924,0.4506,0.195,0.1485,0.6847,0.5552,0.2243
18342633,112.39233282448,-1785.72536236472,29.038043665503,5125.96061660252,83.3542891586887,0.509544357479122,5.38360988522678,2.74318803988613,47.8416298396746,2.29162136649,1.16768273677358,11.6200357763005,35.5980692872429,58.3792558233837,2.34925802488597,54.3162454931857,11.8901,36.4787,-35.7381,17.0311,37.1706,4.711,3.737,119.0408,-5.0409,10.166,56.6232,-30.1323,1.8046,-185.8209,-34.315,11.7348,-14.2841,12.2436,-4.0955,-10.5995,-7.1338,-8.0882,-14.2538,-0.1549,63.2718,7.4755,-4.8537,4.8701,10.6883,0.4213,0.2413,0.1168,0.6273,0.5715,0.1599
22172769,137.39629563532,-2667.2959838095,43.3734430159603,5782.03526717277,94.0228526190074,0.502499173866306,6.67357505056974,3.35346594964609,50.9911392926658,2.47672758141074,1.24455356355079,14.6199271454397,49.364934636096,65.3236135430064,2.69451315544702,50.6494096030471,-8.4491,57.0853,-40.0821,-5.0326,72.1737,-1.8695,6.3231,33.3942,-29.0317,4.2483,-217.4949,-8.1072,2.1791,-76.2397,-22.6829,12.8142,-13.1571,10.943,-3.809,-10.2206,0.1698,-3.228,-12.737,8.8624,-3.3055,5.7891,9.1152,8.0143,10.4872,0.4806,0.2323,0.0963,0.5911,0.5768,0.218
20678876,133.129027795986,-2728.04323612131,44.3612664530726,5458.86784301808,88.7677613425722,0.561936428536457,5.78235123279471,3.24931380030003,57.9974587423972,2.51907253143911,1.41555862154118,13.2764067335471,48.7489134936575,60.3360980255744,2.29542863916322,44.4064948894995,4.1631,59.8763,-46.729,2.1605,115.4565,-31.1169,28.0782,148.4977,-0.5542,14.2296,38.6412,-11.4705,-4.8735,-25.4894,-23.392,6.8564,8.5648,8.9999,-4.2713,-10.3187,0.906,8.9862,-11.1267,3.8004,-8.4238,-14.1897,3.2821,8.7491,16.2737,0.4242,0.177,0.0891,0.5029,0.6404,0.1983
20039056,125.104406066548,-3563.30720454085,57.9436638913155,4130.1212312541,67.1607421749118,0.528826625877339,5.77401838853371,3.05345466216199,58.4908259076235,2.69956202958585,1.42760027945247,13.8718145018485,54.2147695291958,49.9170270820048,2.13887227826342,9.21707828359633,3.5097,93.4513,-26.4165,9.5268,27.7861,10.0129,23.3811,107.111,-49.5434,14.0163,-164.9466,-30.7606,6.0988,-264.2597,-31.6878,9.7533,2.9662,7.5558,-3.8014,-10.3397,2.1475,1.9084,-9.4643,-12.0091,11.7798,4.7267,2.3878,14.9002,7.121,0.4387,0.1827,0.0938,0.6317,0.5983,0.2184
22613996,134.407418243526,-2498.12834917493,40.6225736690616,5767.39870945223,93.7848445741203,0.570109303585275,5.75418727330261,3.28051569908181,57.2287524621821,2.45005047629307,1.39679657078822,13.7679886500212,43.3321220466036,65.080765583888,2.34859947947224,53.1622709050587,4.3497,76.8952,-43.6061,4.303,49.7556,-35.4926,27.9098,38.4939,12.7007,12.3074,-78.7752,-45.4531,-9.7715,-6.5157,-0.88,6.7084,9.0187,15.8192,-4.3534,-10.5321,0.6667,-5.3646,-9.8461,-9.0657,-7.454,2.4046,9.5401,13.7043,9.8689,0.4296,0.2096,0.061,0.6357,0.5792,0.1535
17738906,127.604661261866,-2821.11592680953,45.8747404246196,5026.06835996776,81.7299208369191,0.528545690927643,5.89254455652676,3.11447903395136,52.4634319261509,2.42266314691076,1.28048816686889,10.6707248630377,52.1961673501915,58.8642869556628,2.43225912939675,35.8551804122995,-8.2237,102.9544,-39.3744,8.6627,136.6309,22.4367,9.339,8.9655,11.5056,7.2928,-174.4567,-23.417,7.5586,-181.6949,3.7609,12.4961,-1.3274,9.7431,-3.6507,-10.5849,-7.8734,4.9477,-6.1438,-2.717,-4.8353,-2.1186,1.0317,1.9545,12.5218,0.5133,0.1682,0.1133,0.5889,0.5441,0.1597
24636266,122.021716608942,-2258.04536726618,36.7185354227893,5245.80980346526,85.3031811858405,0.526766272958809,5.65376898608928,2.97821481697235,54.1781408646696,2.51029653620032,1.32233955039565,10.2750721684416,42.9568699989716,61.862641642979,2.25223152108039,48.5846457630511,14.7608,101.8096,-21.6825,15.2519,47.2247,-14.607,6.703,90.6506,-36.848,11.3896,-159.4363,-29.7498,5.6248,5.719,-25.6339,12.2547,4.0207,14.5724,-4.117,-10.3499,-4.3767,5.153,-5.4256,9.544,67.3527,10.3662,13.4033,12.777,10.4958,0.497,0.0566,0.1135,0.589,0.5209,0.2182
17706694,105.66274112404,-1435.63838337274,23.345208027423,5062.20420048732,82.3175330963469,0.501213862661501,5.14538247823113,2.57893702678503,49.8029247463727,2.42521719225347,1.21555247672244,10.4994065560412,29.560951160028,59.001323424818,2.12161718738689,58.9723250689239,10.2237,50.1648,-31.2691,19.5042,117.397,-45.0841,8.1625,131.0628,10.4548,0.411,-78.273,-3.9503,-7.7193,35.1663,-43.1326,6.4215,14.0478,13.1655,-4.1275,-10.4094,-5.7797,8.3506,-14.0182,-9.7484,24.1915,2.6986,10.5334,5.1567,15.9591,0.4099,0.1417,0.0914,0.6254,0.5481,0.1762
17819167,145.434533830908,-3361.02064053576,54.6542408913835,5582.63061285106,90.7802929391524,0.530476513749644,6.69145040750326,3.54965728410096,59.1773508440511,2.72275296650508,1.44435650147312,13.3051016221757,58.1022468322676,63.454472933937,2.45760467064788,36.1260520477689,-9.2113,12.94,22.9758,17.6577,126.3851,-17.3446,11.6623,37.4218,9.5609,12.9208,46.7254,-10.8123,1.2254,-139.0256,17.049,12.0387,4.3748,10.4717,-3.9793,-10.4501,2.9194,-4.3195,-3.1463,-7.6582,-25.5485,10.2994,1.3826,1.328,13.806,0.4142,0.059,0.0657,0.5077,0.5421,0.1902
21471722,131.648376391839,-2696.19431131894,43.8433646028766,5399.66253580482,87.8050117886252,0.516351511238036,6.22284419295665,3.213175003232,55.6109241748508,2.6286546484737,1.35730980026228,11.1015678001311,50.8475473088429,63.9699745136231,2.36731142927804,43.9616471857487,5.5403,148.4419,-0.8979,13.9231,129.9664,-22.8747,4.4499,20.1765,-33.3568,5.1337,-55.5235,19.8817,4.9918,-11.3114,-48.8722,10.8608,-1.3555,12.2738,-4.1801,-10.3462,-5.6431,9.4619,-12.4751,-7.5859,65.3669,-9.0957,8.9283,6.6004,8.5297,0.4491,0.1353,0.0648,0.5468,0.6338,0.1783
22227821,98.9121775981913,-2721.18948578348,44.2498162235038,3361.52001827296,54.6623613744342,0.528188798427988,4.57066582324663,2.41417448919651,48.0269359041295,2.21929270856812,1.17220554909859,18.0958635917528,39.6773512897624,38.7753701271565,2.0595146397771,10.4125451509304,14.6995,13.6365,-31.2212,17.591,9.4563,23.4635,19.7597,132.0292,-29.5418,8.0006,-72.7814,17.6431,-1.334,-14.1531,-25.6878,7.2035,-9.2375,16.3656,-3.5066,-10.2848,4.8176,0.2359,-3.2867,-3.677,67.4823,5.2198,10.6736,1.3746,17.0391,0.5372,0.0616,0.0808,0.685,0.5586,0.1875
18097157,126.519576451286,-2781.14733585452,45.2248030300679,4999.30850706188,81.2947734208941,0.529959698152386,5.82684921004528,3.08799524853506,54.291708352468,2.50040038702936,1.32511143437019,12.2941653834582,50.8380543004056,58.3729699151991,2.33036646461567,36.0699703908262,-4.0483,90.332,17.78,10.5168,104.3557,-9.764,8.1003,116.7019,14.4014,10.008,-136.5164,-25.5639,-7.9346,-3.2357,18.0787,13.2461,0.8421,15.0052,-3.4641,-10.3742,-3.6137,8.5683,-12.3267,5.4786,50.6356,-1.4219,6.1846,7.1649,10.0357,0.4871,0.2306,0.0912,0.5967,0.6649,0.1671
18619226,104.812364792599,-2567.54553749029,41.7513807006024,3878.00224992626,63.0609840917285,0.574205567342099,4.45516715231686,2.55818178229998,56.3251023906021,2.39416166707091,1.37474095834916,13.2216235735854,35.723952987408,48.0759106900665,1.86084641383781,21.3096033911261,-5.6943,129.2354,-38.5821,19.7894,73.0437,-30.9162,28.1888,61.484,-11.6281,4.5546,-71.8084,5.0666,9.825,-8.3046,-3.6735,10.0224,-6.5534,8.826,-4.6431,-10.4596,4.7741,5.5769,-16.7463,-10.4497,-22.4988,5.1752,-3.5058,5.1363,11.368,0.5535,0.0654,0.108,0.6924,0.5218,0.1621
16649474,122.741975227758,-2654.76775454574,43.1697189293344,4893.3804855775,79.5722562981096,0.5368387807685,5.58043570007359,2.99579429738452,52.3168465558399,2.37857340729397,1.27691044794007,11.9933891105827,50.456778104886,54.8485909795528,2.34612717142175,36.4025373687752,-8.6813,107.6228,-42.4127,24.8477,96.03,22.0239,10.2365,44.2349,-3.5196,5.172,58.8694,-18.9479,-9.2413,-67.3303,1.0322,6.653,-11.6342,6.976,-3.8227,-10.5622,-1.4509,-5.231,-13.8708,-2.9878,18.8064,-8.3507,6.8952,12.4008,10.6269,0.4453,0.1476,0.1322,0.5396,0.6734,0.1701
20160928,124.681973075444,-2752.5246472082,44.7593636628209,4914.92582275678,79.9226094123037,0.558573421030333,5.44806513793067,3.04314438209002,56.8458353050818,2.48391813125036,1.38745064813179,16.925170906315,45.1139532476275,54.9343642299682,2.19333522686925,35.1632457494828,5.5196,89.2986,-9.8386,24.1644,9.3054,-45.3198,17.9899,149.9121,-14.5625,14.8933,-2.0829,-35.8878,-5.8449,39.1622,-14.6507,10.1551,-6.0126,7.9434,-4.4763,-10.3229,4.6973,-10.2974,-7.781,-0.2275,-27.6921,-9.1383,5.3831,2.2929,14.0666,0.4184,0.2445,0.1449,0.5873,0.6767,0.169
22072074,113.402826225057,-2221.29101518174,36.1208654208849,4752.53632959838,77.2819608038816,0.533241377861848,5.19061608074967,2.76785127085082,51.7771019261807,2.36991499082468,1.2637367351228,9.79523616280691,39.6869631736092,57.9754793745554,2.19021192778879,41.1610953829967,11.8081,92.149,-40.8503,17.2803,52.7438,-42.5306,1.9268,30.2235,-36.5115,3.6955,-187.866,-40.9214,9.1152,-208.0581,14.7077,5.1129,-0.6854,15.6695,-4.3777,-10.6014,-3.1775,-7.5147,-10.7748,-9.0504,56.6436,-0.0358,-3.3805,0.3859,8.7644,0.4763,0.2159,0.1102,0.5621,0.5531,0.1632
22897576,116.082001727573,-3083.68431469488,50.1444184351838,4054.90177554925,65.937583292092,0.538806927615123,5.25836337024049,2.83324261180318,54.361614652787,2.46251028568751,1.32681760125193,14.8457743755108,49.6590048818942,45.9807511612608,2.13536706863842,15.7931648569082,7.1879,49.3481,1.933,11.7517,112.6947,-19.8998,17.9221,125.4894,16.7752,2.8394,-97.9397,-18.695,-8.4163,-269.1092,-25.075,7.4067,15.4564,7.0725,-3.5793,-10.4267,3.402,-2.5091,-14.4358,2.1094,61.3258,3.5342,-0.0239,11.5082,8.1718,0.408,0.1862,0.1061,0.6744,0.6162,0.2264
19348248,128.468838481341,-2434.24410564856,39.5837389791631,5466.08367785213,88.8850995018492,0.572926756952631,5.47290075304382,3.13557127956501,55.6203690323902,2.36948323936279,1.35754034798174,15.1960386594385,43.1990521446102,61.3830268018193,2.30974444643703,49.3013605226861,14.3927,22.2148,-35.3294,13.8672,54.5536,-27.7347,20.4255,135.0964,-1.8335,13.9199,-11.5054,-32.1445,-3.4145,-210.028,4.7222,11.2788,-7.8672,10.9423,-4.7266,-10.3238,-6.5834,9.5765,-15.9556,-9.7977,-22.2699,8.5506,2.8032,1.177,13.7074,0.4462,0.1816,0.1487,0.6207,0.6278,0.1762
20075122,140.087596665795,-3152.39141858161,51.2616786392676,5462.4442500958,88.8259180261681,0.536551427855383,6.37246124712295,3.41915318109691,56.6695117557154,2.5778461202258,1.38314701659861,14.7237393195837,55.3197485587531,60.7866024385252,2.47200994548301,37.5642393869005,-5.842,91.6433,12.7544,-4.5222,51.2698,-2.035,18.3528,119.7056,-34.1083,6.1132,3.8953,-37.6092,6.5351,-216.6637,-47.836,8.6799,-5.7316,11.5571,-2.9834,-10.5684,-1.516,3.434,-0.2835,-10.1605,22.5724,8.8554,-3.9511,3.1357,7.6221,0.4343,0.1412,0.1377,0.6972,0.6172,0.2265
20445529,119.267072987497,-2297.30375831307,37.3569241120485,5037.151674759,81.9101488751434,0.555748548339338,5.23794711653128,2.91098150629048,53.2955038559139,2.34062112663258,1.30079679333844,11.3939964563827,41.4573601692281,58.9820303329438,2.23784492796878,44.553224763095,-0.0386,83.0471,-31.4633,20.0092,6.885,17.9918,19.6531,32.6085,-2.5317,10.9562,-104.5423,-37.2407,9.2265,-143.8278,-11.0764,6.5721,5.5748,7.9153,-2.8601,-10.3877,0.0961,-9.3525,-1.1823,-14.6086,57.3874,-16.8199,12.1081,14.6587,10.732,0.4695,0.0761,0.0646,0.6605,0.5749,0.1856
20978350,119.775648255471,-2345.40904593054,38.1391739875434,5020.321763856,81.6364742676212,0.537823404260802,5.43560262474301,2.92339430784823,50.4210822482503,2.28818604618534,1.23064000894146,13.1941536415194,45.5431460271536,55.8730797800905,2.37550728613382,43.4973002800778,-9.9921,82.7186,-22.2084,23.6294,134.298,-3.1939,10.5582,122.9862,-26.3093,2.9988,3.8205,-45.1944,-6.0223,-142.8225,-11.7515,8.5973,5.5999,12.9777,-3.1099,-10.5888,-2.1505,3.5549,-15.1582,7.7437,-21.909,-11.328,13.7994,8.6485,10.3383,0.5076,0.076,0.0684,0.6706,0.5661,0.1977
21182468,149.582784413112,-3851.71043425558,62.6334475244707,5347.04189823276,86.9493368882583,0.532547892601744,6.85554235249332,3.65090463246232,60.1923541666884,2.75868132088226,1.46912992379564,18.9518850730924,61.4540889666316,59.3072284398385,2.48507948366462,24.3158893637876,1.6023,6.1336,-16.2413,8.3356,58.9477,-36.2813,17.3734,63.7141,-49.6823,5.1823,-236.4958,-12.1475,-9.8777,-32.6149,-28.4186,8.0297,-12.9157,15.9308,-4.0578,-10.2607,-4.0467,8.8027,-11.7286,-6.6948,35.1928,-1.8417,1.7453,10.2863,16.6837,0.4314,0.2426,0.1281,0.6318,0.6299,0.1889
18981718,119.751804775681,-1859.26437705237,30.2338765548284,5505.00015259908,89.5179282205458,0.519119258371194,5.63032960618919,2.92281252955031,51.1921086129102,2.40688184421463,1.24945871795579,10.9046642135737,36.4680449556603,63.523037089498,2.33926298448039,59.2840516657174,15,15,-10,15,15,9.3174,5.6766,15,11.7527,14.6042,15,-10,2.0854,-10,-10,12.5443,-10,13.2191,-3.8806,-10,-1.6561,-4.443,-10,6.6081,15,8.7403,7.0199,7.5427,10.8593,0.4806,0.2503,0.1373,0.6636,0.5768,0.218
16715109,136.241745100532,-4145.58242938664,67.4121598654234,4232.7485091832,68.8295852347597,0.581779104406781,5.71572007521513,3.32528650639851,69.5221160557063,2.9166460993128,1.69684375552973,18.2804777696638,64.419993190703,47.9943955768427,1.95968927343013,1.41742536933632,26.9965,150,0,13.9474,86.4981,0,19.0079,107.3157,0,13.1923,0,0,10.7534,0,40.726,13.7845,0,13.1914,0,0,0.6343,11.3403,0,8.0985,87.5532,1.7782,15.7109,8.9577,10.1455,0.6119,0.2295,0.1573,0.5895,0.5761,0.2158
21478073,110.394237002191,-2257.00565311133,36.7016284192464,4531.80529930844,73.6926085826626,0.524928464911309,5.13292781788191,2.69441991994131,47.2219039279883,2.19564563212214,1.1525568911591,12.304753540526,39.8678584848979,51.7960286311935,2.33777607041297,36.9909801634163,2.5521,25,-18.1643,10.5032,25,6.4444,7.3686,25,25,14.0122,-23.1348,25,3.1667,-50,25,10.3486,10.6047,14.0803,-2.4425,-10.2752,3.7864,0.0687,-13.378,5.7497,25,3.7669,10.4022,7.7174,10.4331,0.4779,0.232,0.1405,0.5903,0.6476,0.2164
19101412,159.477892488891,-3915.17084922576,63.6653902519318,5892.09167278354,95.8125022365509,0.534286955622107,7.28525587158616,3.89241718055785,60.5637962317888,2.76667032161791,1.47819586334727,22.103253127208,64.2502516945474,64.5834522828314,2.633221535165,32.147111984619,-1.5801,25,25,-6.1721,25,-10,18.2811,25,25,9.5299,25,25,-0.5484,-10,25,12.1057,-10,10.3717,-3.8395,-10,-0.9729,-3.5371,-10,2.0333,25,0.9214,6.9548,6.7063,16.1444,0.4776,0.2285,0.1955,0.7689,0.5747,0.23
17083436,111.832221172836,-2876.78863974252,46.7800457437894,4000.45267781379,65.0521754287598,0.567427867277293,4.81033339446052,2.72951721891147,54.9683095967702,2.3643981360411,1.34162539172821,18.28684715185,41.6106822685977,45.0368135575176,2.03448536062326,18.2721296849703,16.1792,52.314,24.4812,21.4027,128.2278,-10.2235,24.5915,150,41.3582,3.6496,-15,-13.0128,-2.324,-15,-15,10.516,31.9093,9.2981,-3.4472,-10.3081,5.2605,-2.0957,-13.459,5.9924,93.5337,4.8308,5.9318,13.7851,9.6807,0.4637,0.2215,0.1137,0.7382,0.6463,0.2327
19665258,115.422909350776,-2407.90273039454,39.1553965134309,4690.15177352981,76.267512837049,0.542708455153688,5.19091971601673,2.81715601990626,51.3932509313422,2.31131099562694,1.25436801981643,13.6102575008873,42.2681399313272,52.9428465490098,2.24587678847117,37.1121163236181,0,15,0,15,15,15,10.9223,15,15,8.8911,0,0,10.3828,0,15,12.6631,4.8833,10.3731,0,0,0,9.2399,0,3.3622,0,2.0329,5.8414,5.5601,13.7324,0.5361,0.213,0.1253,0.5904,0.567,0.2005
23855910,107.052112218957,-2328.82222358296,37.86945229251,4254.46121264656,69.1826599261728,0.599212006588252,4.36047302608326,2.6128477916333,54.9431343187391,2.23795729200855,1.34101087960325,18.1148114341206,26.2860981119387,49.8639709448072,1.94841655006284,31.3132076336627,-4.3169,60,-37.8821,32.2004,60,-17.3611,39.1216,60,-3.5063,4.7077,-57.2397,11.2143,13.648,-1.5111,5.1975,11.4183,-3.2516,9.8845,-4.226,-10.3401,7.0762,9.9793,-14.7417,-0.7937,-14.1817,5.4822,3.6461,6.7672,11.8671,0.6021,0.1767,0.1157,0.7599,0.5585,0.1994
22723082,96.8791739595394,-2733.66419163549,44.4526699550346,3224.02359259952,52.4265040042568,0.537947619840023,4.39551040152813,2.36455435848412,47.6035653407265,2.15982401638122,1.1618721888856,18.3530477663316,36.6812551429551,37.9396067908805,2.03512432873711,7.97383404922222,3.9565,20,-27.6422,20,20,20,20,20,9.2166,14.1424,-50,-24.3249,12.5741,-50,-5.9308,9.5371,14.4725,9.3535,-2.4093,-10.3083,0.1311,-6.4433,4.3062,-3.4599,20,-6.0806,13.7193,18.2356,10.8639,0.4766,0.175,0.0847,0.7045,0.5761,0.2061
21427848,134.480807300334,-2924.43897146477,47.5548974888495,5345.60122522263,86.9259098111402,0.531116413064361,6.18001402104236,3.28230687954348,56.2070096129755,2.58297161105894,1.3718586171127,12.9854953091184,51.4425809152165,62.9204915564219,2.39259850730947,39.3710123222907,10,10,-10,8.5041,10,-10,10,10,10,10,-10,-10,-4.3938,-0.2406,8.2772,9.456,10,10,-4.1084,-10,0.8903,-4.4031,-8.5452,-0.998,-5.836,3.9276,9.7568,10,10,0.4602,0.2232,0.0822,0.6625,0.5805,0.1922
21096156,99.6745144730616,-2271.70144778009,36.9405997282082,3857.88877275299,62.7339147445983,0.528760183407309,4.60091541381111,2.43278087804828,49.3404800311486,2.27752677101331,1.20426547315605,11.9367108570644,37.4779832078642,47.0483917096533,2.02013669932147,25.7933150163901,19.911,20,-40.5635,20,20,-27.3505,3.6854,20,-33.719,3.9167,-50,-28.6707,11.8897,-50,20,8.1934,4.3032,17.5601,-4.1502,-10.4491,-1.8386,-5.8,-9.9899,-1.8853,20,2.2942,2.2842,3.8441,9.5454,0.4786,0.2246,0.1177,0.5776,0.5657,0.1924
21404229,110.23938100385,-2458.94554122142,39.9854140518715,4320.34237696998,70.2539669516966,0.520108122249648,5.17323274580377,2.69064036938039,51.8125898050182,2.43142317911652,1.26460294408456,17.0074466486341,36.8090359925239,50.2109605681019,2.12765625919694,30.2685528998251,16.7591,17.7766,-14.3109,17.7766,17.7766,-14.3109,8.8063,17.7766,17.7766,1.754,-14.3109,-2.5924,-4.2549,17.7766,-14.3109,8.6589,17.7766,13.9433,-4.016,-10.3433,-3.6974,12.4031,-13.5698,-3.2346,17.7766,3.7803,11.0959,6.2902,17.7766,0.4429,0.184,0.0937,0.6414,0.5615,0.1957
22371878,135.236522072394,-3532.09974268838,57.4361930007405,4784.41393722408,77.8003290713071,0.508536031347786,6.4906939183037,3.30075172590737,58.5657951229864,2.810872716927,1.42943005608983,12.3312294733867,59.8340690295895,57.5690329164791,2.30913832533822,20.3641360705665,10.9886,10.9886,-2.0098,-4.5299,10.9886,10.9886,6.0616,10.9886,-10.3026,10.9886,-10.3026,-10.3026,-2.8425,-10.3026,-4.9881,10.5158,-10.3026,10.7432,-2.8251,-10.3026,-0.3556,10.9886,-3.5178,-6.162,10.9886,-9.2679,8.3364,10.8499,8.9838,0.5492,0.1968,0.0943,0.6052,0.5401,0.1857
18548688,144.30463633467,-3695.65936848036,60.0958693741395,5178.50763730554,84.2087669601607,0.490346460045279,7.18283908253201,3.52207971719445,57.1886138744199,2.84659329905622,1.39581694738083,6.39627503874191,66.8207481458116,63.2009174346619,2.52331061304524,24.1128975860212,0.7306,0.7306,-11.791,0.7306,0.7306,-17.1246,0.7306,0.7306,-17.1246,0.7306,-17.1246,-11.3933,-7.4664,-17.1246,-17.1246,0.7306,-12.8674,0.7306,-4.008,-10.2527,-3.2034,0.7306,-11.5269,-3.5834,0.7306,-0.3155,0.7306,0.7306,0.7306,0.4445,0.2453,0.1366,0.6426,0.644,0.1967
19837861,127.373259555451,-2516.03351302817,40.913733183714,5316.92047983544,86.4595263714105,0.526668905254215,5.90281914784947,3.1088312985115,53.5873480840982,2.48338171965824,1.30791993162073,9.55587121421335,46.8836195404556,62.1726592226351,2.3769278404215,45.5457931876965,-9.0779,10,10,10,10,-14.817,10,10,10,10,10,-10.3705,1.3923,-15,10,10,7.4429,10,-3.9495,-10.4099,3.4006,-4.1285,-1.468,-4.7671,-15,10,2.9162,2.6541,10,0.4297,0.0994,0.0728,0.5272,0.5502,0.1967
18293224,129.740410527804,-4349.74967987346,70.7321650911156,3628.77477829284,59.0082454363563,0.52842927604139,5.99248938440514,3.16660682708692,56.3742866087197,2.60383262764355,1.37594139035863,24.5074954336502,56.4019344599375,39.541387222355,2.30141112788355,-11.7239196547594,-5.451,75,20.1515,-4.4456,53.3602,-2.0119,20.1573,75,-30,6.3929,10.537,-30,7.1885,-30,-30,9.3,-4.6178,11.6492,-2.8596,-10.5162,-1.2631,4.4333,1.5846,-7.3071,25.9365,9.3154,-1.7298,3.9651,8.1091,0.4436,0.1594,0.146,0.7185,0.6253,0.2282
19982558,147.206841113234,-3693.83419322503,60.0661898277331,5358.80698043335,87.1406512851243,0.518735510241183,6.92629381022406,3.59291455372692,60.48535687777,2.84592312275375,1.47628138318885,14.2221431817229,63.5223169325409,62.5142439005179,2.43375998277918,27.0744614573912,5.7396,11,-20,3.0597,11,-20,11,11,2.7682,11,11,-11.0781,-3.992,-20,-20,7.6011,11,9.2428,-4.2135,-10.3064,0.998,10.513,-10.9254,4.4332,-7.8693,-11.6924,4.1085,8.8531,11,0.4336,0.1862,0.0903,0.5176,0.651,0.2016
17818769,116.575111008608,-2222.24862690249,36.1364373400321,4946.66174274906,80.4386736682767,0.51299554032936,5.54639914506698,2.84527802630594,52.6660273938839,2.50573906200221,1.28543296403621,9.48039663233779,41.0921492745344,60.5039484711527,2.21347834224811,44.3022363282446,6.9392,15,2.7593,15,15,-5,4.6373,15,-5,5.2222,-5,15,5.2731,-5,-5,11.0562,-0.1754,12.4069,-4.143,-5,-5,10.7309,-5,-5,15,-5,8.9495,6.7607,8.7515,0.4533,0.1483,0.069,0.5527,0.6414,0.1836
19474907,124.358500977669,-2945.28612470227,47.8938972918261,4702.27208476245,76.4646036855247,0.549782454174836,5.5208186107774,3.0352492048873,54.7416494644923,2.43022161550894,1.33609320396324,14.525657653534,47.4974417206545,52.8570841276283,2.27173463339524,28.5707063936986,15,15,0,15,15,0,15,15,0.0704,14.6453,0,0,0,0,6.6406,11.394,0,10.9423,0,0,0,10.5368,0,0,0,8.7577,3.3397,1.7582,13.9811,0.4497,0.1867,0.154,0.6236,0.6329,0.1804
24077264,134.291395736737,-4169.25671535558,67.7971322493095,4089.13541588585,66.494263487084,0.502472720548509,6.52310815367901,3.27768390041125,58.5686134107291,2.84492835593253,1.42949889077101,9.20155269057323,67.7371436634488,48.1399801547527,2.29289013204019,-1.30286876222548,0.4,0.6,0.4,0.4,0.6,0.4,0.6,0.6,0.4,0.6,0.4,0.4,0.6,0.4,0.4,0.6,0.4,0.6,0.4,0.4,0.4,0.4,0.4,0.6,0.4,0.6,0.6,0.6,0.6,0.4806,0.4,0.4,0.5911,0.5768,0.4
19409601,67.8961730248137,-1889.68376783261,30.7285324612578,2285.66356528127,37.1676405633819,0.530366118961848,3.12455663691762,1.65715897699848,29.1975624131526,1.34366096578803,0.712632251625525,8.7134467373107,29.8087683488982,26.5293769042628,2.32540552749118,6.43910810212414,13.8969,12.9274,3.397,9.6293,12.9274,12.1195,6.3407,12.9274,4.6215,13.6099,0,0,0.7302,0,0,11.9865,0,12.5382,0,0,0.5873,22.1765,1.1818,3.0963,13.5091,3.788,9.4182,13.5674,10.5248,0.6156,0.2485,0.1358,0.6616,0.5756,0.217
19162737,117.894258677544,-2858.89247041817,46.4890324910026,4391.14028737541,71.4052261862393,0.575219282371654,5.00239620457964,2.87747475493699,56.9446514852118,2.41623054130111,1.3898623980117,21.7998467917266,37.2898711258625,51.3215459730098,2.07033067377996,24.9161936952367,9.2049,25,-19.6658,25,25,0.0688,25,25,6.4629,11.6352,-47.1261,25,21.7418,-0.3226,15.1266,12.2065,1.4723,12.2187,-3.9842,-10.102,13.1888,20.075,-11.4225,4.3875,3.5219,7.7629,6.3227,7.3824,12.6666,0.7155,0.2454,0.1358,0.8497,0.5756,0.2168
18699422,102.892620625297,-3143.97236916021,51.1247747626285,3183.51871001926,51.7678458624056,0.549923084975441,4.56668615069568,2.51132613610519,54.5249774354276,2.41998364710853,1.33080487280804,24.699125546959,35.0971892107217,35.9187519160262,1.88707314454463,0.643071099777125,11.4108,22.25,-10,23.375,22.25,25,25,22.25,10.8143,14.4541,-10,-10,19.6539,-10,-3.3673,11.567,25,11.9627,-1.4162,-10,1.3375,-5.0931,13.9629,3.336,22.925,3.9235,18.8444,25,10.8674,0.4802,0.2428,0.132,0.7414,0.5768,0.2168
23196597,130.91666801067,-3408.42484105638,55.4250902468652,4642.4348213687,75.4915777634697,0.567163559941049,5.63385269428401,3.19531595027359,60.9503446677695,2.62293005727938,1.48763034876295,20.3796168812454,46.5487479891283,53.2024985090915,2.14792334193146,20.0664875166045,7.3309,25,25,7.7079,25,4.5969,25,25,-5.6443,11.525,11.0949,-18.3333,10.378,-27.5,-18.3333,11.3277,-1.2539,12.6304,-2.2215,-10.1936,-1.0175,9.9811,8.8249,1.3899,25,9.6748,4.4679,6.4992,10.0571,0.4745,0.2352,0.1532,0.7642,0.6657,0.2366
21617066,113.039857866398,-3256.96534640664,52.9621765693834,3694.54087332598,60.0776812967245,0.565394759568553,4.87976257242945,2.75899218639038,58.0111891754988,2.50425677335244,1.41589365626753,16.6552970584492,43.1624332808834,43.0874882450754,1.94858715142734,7.11550472734112,15,15,5.3667,15,15,5.0003,20.361,15,6.3399,14.6689,1.725,5.3667,1.1991,1.15,15.571,12.0554,5.75,12.2514,2.2314,5.75,0.9523,19.1502,5.75,3.7996,7.475,8.7677,5.738,5.5277,16.0156,0.4734,0.2355,0.1668,0.6543,0.6759,0.2093
23111906,117.15104662982,-2935.65833383977,47.7373378245308,4268.66980905206,69.4137088049892,0.553388539034694,5.16695736609957,2.85933498808039,55.0615636286664,2.42849517750429,1.3439013983319,14.9199089661151,46.5525887751417,49.4479046951073,2.12763748265275,21.6763709804584,15,15,4.9,14.5,15,4.5655,15,15,5.7588,13.9335,1.575,4.9,15,1.05,15,14.4356,5.25,13.2059,2.0373,5.25,1.8368,15,5.25,8.881,15,5.4333,15,9.7997,10.5702,0.7039,0.2441,0.1713,0.6414,0.5766,0.2174
23981938,121.282510567256,-2954.28452472021,48.0402221064631,4504.11238470914,73.2422884604829,0.555451558380707,5.32930847407701,2.96017269701758,55.0752627111758,2.42007741186988,1.34423576982507,13.0990679552119,48.3542046699095,52.3592321811694,2.20212314198632,25.2020663540198,7.5,15,4.6667,15,15,17.6519,13.5451,15,16.5154,11.7477,1.5,4.6667,14.5315,1,26.6667,12.7224,12.3249,11.7961,1.9403,5,0.8281,16.0814,5,4.9851,6.5,5.3866,6.5092,6.6836,15.3605,0.5731,0.2379,0.1333,0.6392,0.5736,0.2122
16773657,111.030695873914,-2393.81048984147,38.9262397208192,4434.14017744428,72.1044561528105,0.516043172565942,5.2514098353458,2.70995419187584,52.3858636179518,2.47768995115367,1.27859498302809,11.0599392048514,39.3887123292203,54.2608441451072,2.11947819899767,33.1782164319913,10.7681,15,8.4159,15,15,1.3474,5.1309,15,2.427,9.6786,-3.1,20,6.7873,-4.525,-2.7833,11.763,4.4914,12.7927,-4.0184,-2.625,-3.4117,17.9385,-2.625,0.5138,15,1.5266,9.9883,7.1817,9.8862,0.4706,0.2129,0.1122,0.6229,0.6823,0.2054
18128320,131.965616010144,-2688.11883899837,43.7120477034214,5427.24699567562,88.253568306385,0.523722335692998,6.15004900804094,3.22091803111761,54.2208247384248,2.5268758596336,1.32338132721356,10.9004168680493,49.5517843358671,63.2983949260125,2.43385482693744,44.5415206029636,10,10,-10,10,10,-4.387,10,10,10,7.5366,-10,0.5188,-1.4017,10,-10,10,10,10,-3.9551,-10,-2.7788,10,-10,1.1946,10,6.0123,10,6.929,10,0.4655,0.2238,0.1198,0.6547,0.5707,0.2091
21962273,117.376371734109,-1790.03847891958,29.1081801318904,5428.14627077881,88.2681916019175,0.545651563695098,5.25030032149206,2.86483458029102,52.1464342980091,2.33253453582381,1.27275111684508,12.0976122345863,33.2382261824146,62.6245177915255,2.25089928610114,59.1600114700271,21.9982,21.4167,-28.44,22.125,21.4167,-12.8056,4.5316,21.4167,-15.6819,8.4589,-44.475,-21.2647,16.0565,-46.6,31.9,10.0425,10.3821,19.4051,-4.0356,-10.2582,-1.761,-5.2233,-9.9855,1.7244,21.8417,5.0338,4.5652,5.6256,10.1782,0.4798,0.2392,0.1288,0.6263,0.572,0.2069
19730116,74.5270201960857,-1970.5774903438,32.0439617518148,2612.54083809169,42.4830584440801,0.509653321145453,3.56909237480784,1.81899978229573,30.1365305882029,1.44323577197264,0.735549904381778,6.81799658064395,33.1367782215386,31.0082280771206,2.47297942866919,10.4390966922653,4.9538,4.9538,4.9538,4.9538,4.9538,4.9538,4.9538,4.9538,-3.3808,4.9538,-6.8373,-7.5168,4.9538,4.9538,-7.5168,4.9538,4.9538,4.9538,-3.4536,-7.4832,-3.3104,4.9538,-7.4832,4.9538,4.9538,-3.8049,4.0654,4.9538,4.9538,0.5208,0.2363,0.1194,0.6252,0.6305,0.2166
22143236,121.390817568851,-2828.7894087676,45.9995204769508,4636.26795485404,75.3912970915891,0.581376416716019,5.09621002767032,2.96281632471921,60.4832453429832,2.53919800192572,1.47622983569205,17.4744452795672,35.3915997915253,52.8713847572102,2.00701561036413,29.3917766146383,11.8405,75,-14.3,19.5891,50.2228,18.3282,38.7875,75,-11.2546,21.2297,-14.1,-14.3,9.6309,-14.85,-14.3,11.8631,16.9634,10.2767,-3.7838,-10.2229,4.1964,6.7006,-6.9376,2.315,20.964,5.9157,7.3987,22.086,9.8147,0.4762,0.2306,0.1042,0.6675,0.6249,0.2189
21869603,152.256848321429,-4502.17317158214,73.2107545210287,4861.02356345132,79.0460938000101,0.529398150654005,7.01961517224532,3.71617129048947,61.7411677252361,2.84650078137217,1.50693224949361,25.190696786326,66.5354928273018,52.9442401445857,2.46605067463269,5.83533927898135,0.0779,15,15,-4.0549,15,-5,15,15,15,10.0373,15,15,-0.285,-5,15,12.1495,-5,10.6565,-3.8354,-5,-0.9046,-3.4465,-5,2.4908,15,1.7033,6.9622,6.8011,15,0.478,0.2314,0.2033,0.783,0.575,0.2316
21521537,132.482794435735,-4104.54690986634,66.7448729282601,4042.62336184487,65.7379215071361,0.50281186308405,6.43091632579174,3.23354101910897,58.7201207808304,2.8503639660551,1.4331968162398,9.30432838321532,67.3359397080107,47.8632484200733,2.25617373864438,-1.00695142112393,0.6,0.6,0.4,0.6,0.6,0.6,0.6,0.6,0.6,0.6,0.6,0.4,0.6,0.4,0.4,0.6,0.4,0.6,0.4,0.4,0.4,0.4,0.4,0.6,0.6,0.6,0.6,0.6,0.6,0.4806,0.4,0.4,0.6,0.5768,0.4
23904165,56.9204594853355,-1395.23992376673,22.6882804512223,2105.14423816321,34.2321790339674,0.552245750120599,2.51567704606693,1.3892719573664,28.0011614040587,1.23754937406213,0.683431382390218,6.5096698476832,23.1321416956176,25.881040587742,2.03278923555953,11.5438985827451,9.8012,15,-10,15,15,3.1879,15,15,8.9389,14.7092,-10,15,15,1.2258,15,13.8614,7.8681,13.8827,-3.9624,-10,15,15,-10,6.7823,7.7327,9.0758,9.4484,7.7678,14.9332,0.9654,0.267,0.1518,1.0447,0.5805,0.2245
23706618,154.386588574896,-4327.80827488143,70.3753714375845,5166.35910093158,84.0112171369159,0.544718021640113,6.917620273156,3.76815242965107,67.6378014999135,3.03065590869325,1.65085289085531,31.1497239825215,60.3979106082082,55.3274918106668,2.28254888762304,13.6358456993314,6.7753,17.25,25,5.4322,17.25,-4.6138,18.375,17.25,18.15,11.7253,18.375,24.1231,0.4688,-2.975,25,13.6005,5.125,11.0996,-3.7546,-1.625,0.3605,5.6299,-1.625,3.3657,17.925,4.6119,9.2861,6.8989,18.825,0.4893,0.2383,0.2784,0.8984,0.5788,0.2519
24979177,112.370715121119,-3136.38582871635,51.0014084839599,3773.97074660334,61.3693066368716,0.563006050194988,4.87145816041947,2.74266041758791,54.5269259416001,2.36383329993487,1.33085244951571,19.2377083212378,43.2878425547792,40.4357344045821,2.06082982270945,10.3678981529117,9,17,12.88,18,17,29.9937,15.6722,17,20.1641,14.2743,2.88,6.9895,24.0914,2.08,30,14.3559,13.7199,12.8737,5.4776,14,2.9922,19.7303,14,7.2595,8.32,5.762,8.883,6.8504,19.0057,0.6592,0.2492,0.144,0.6516,0.5758,0.2147
17525998,100.285996101336,-3099.25777337394,50.3976616172971,3067.93615988873,49.8883344837825,0.555788557465329,4.40402289194189,2.44770553015667,54.9475925947364,2.41300346062067,1.34111971253721,25.3329944867641,31.9420105513842,33.1090152662714,1.82512083542934,-0.509327133514622,12.1868,25,-10,25,25,25,25,25,11.2323,18.2587,-10,-4.6003,25,-7.8,0.0375,12.4288,25,13.0423,-0.0198,-10,3.6014,3.2081,25,4.5138,25,5.0723,24.3574,25,11.4081,0.491,0.2567,0.1409,0.8049,0.5812,0.2225
19972593,140.81816813794,-4015.66243400742,65.2995043707128,4644.10050393977,75.5186637668669,0.509235268712951,6.749305588014,3.43698444473813,59.8155344196274,2.86691217508932,1.45993279185804,12.8061087727915,65.0799123694548,56.5619234359604,2.35420730591572,10.2191593961541,4.9538,4.9538,4.9538,4.9538,4.9538,4.9538,4.9538,4.9538,-0.2586,4.9538,-6.6791,-5.6418,4.9538,4.9538,-6.9374,4.9538,4.9538,4.9538,-3.3282,-6.8541,-3.1775,4.9538,-6.8541,4.9538,4.9538,-1.3506,4.9538,4.9538,4.9538,0.5393,0.2405,0.1195,0.635,0.6505,0.2191
22790558,126.040649640324,-2715.02246626969,44.1495330636732,5035.98126331217,81.8911165763276,0.586374479644898,5.24631588742565,3.07630574854198,64.0817280566085,2.66733779107339,1.56405880927783,17.2906582043979,34.2195154542028,58.6222332332672,1.96687345149278,37.7415835126544,12.1166,75,-13.698,21.0275,54.2451,21.5084,43.1057,75,-8.279,23.2837,-13.977,-12.2254,11.2857,-14.1045,-13.698,12.1426,18.0079,10.3182,-3.7582,-10.1895,5.2427,7.1955,-6.4783,2.483,22.3893,5.9302,7.8409,24.6627,9.8462,0.4783,0.2319,0.1074,0.67,0.6357,0.2209
23168046,132.905796971186,-3652.90802838875,59.4006811293497,4520.27523388744,73.5051158414956,0.536488591190394,6.04647561103323,3.2438651822303,58.0361552935437,2.6403227363862,1.4165030251318,14.2532513042196,57.5846392985073,52.4051781609981,2.29005171515851,14.1044347121459,10.4031,10.2625,0.7,9.0669,10.2625,0.3071,10.3486,10.2625,10.1313,10.556,0.15,0.0363,0.1051,0.15,10.9256,9.711,11.6125,10.2595,0.2966,0.75,1.3708,0.75,0.75,0.0896,0.65,4.4178,9.9904,10.4877,10.0792,0.4626,0.2261,0.0909,0.6634,0.5819,0.1963
22241529,90.9560542130443,-3344.55426444794,54.3864777975013,2248.88497475929,36.5695764153101,0.58516421731104,3.79378510723274,2.21998729292012,59.5849226638544,2.4852924214178,1.454304194568,19.3292270010412,34.1397186715494,25.8403333786219,1.52649445777028,-17.8169013821911,14.88,24.6533,21.0336,25,24.6533,25,25,24.6533,25,23.8463,3.2272,11.2169,25,2.2872,25,23.985,22.9038,21.4653,9.0318,23.52,4.8067,25,23.52,11.9211,13.0035,9.3754,15.4541,11.8091,25,0.8399,0.3899,0.3829,0.6998,0.5806,0.3876
18024481,117.677220059128,-3268.50648121348,53.149849312087,3968.17925603072,64.5273707467392,0.526867195471392,5.45142604875647,2.87217755362801,56.2101964968155,2.60395112354366,1.37193642560603,9.13466560981742,58.1481119719968,48.087756037235,2.09352088042949,11.3775214346522,-6.3153,95.5166,-15.7291,15.5277,108.2889,15.5746,12.051,106.1732,-28.3903,10.6257,-105.1475,-37.5266,-0.5376,-146.9346,15.116,12.656,8.9739,8.356,-4.3297,-10.2722,2.0659,-4.709,-3.2606,9.7681,9.6873,-15.549,-3.4413,13.3912,5.4594,0.5898,0.1672,0.0697,0.623,0.523,0.1818
21881180,134.984392445012,-2944.36805766904,47.8789684168934,5356.64064279629,87.1054240277727,0.504650829107129,6.52847069474934,3.29459814890685,54.4044299563288,2.63125032606361,1.3278626586364,13.6453401555678,54.4360594473144,62.2427988923709,2.48112869766976,39.2264556108793,0.8357,129.8859,-40.2039,-6.4226,144.6602,-32.0314,2.1088,47.1171,-23.6474,9.3991,-47.6206,-13.9019,-3.0967,-31.7355,-8.2183,7.6332,8.8823,15.0408,-4.5769,-10.3293,-5.3673,-8.5355,0.2243,8.6513,46.5156,-18.3698,9.6421,12.3169,11.321,0.5284,0.1018,0.1036,0.6115,0.6677,0.1797
16671570,135.399335354833,-3335.91779712588,54.2460384441163,4990.60825865906,81.1532969103699,0.535800700571615,6.16782608490137,3.30472553729404,60.0728180135848,2.73648827718929,1.46621233602403,12.30681262858,58.6242390569706,59.2272331724978,2.25392015610478,26.9072584662536,11.3434,145.2133,-36.923,4.2635,88.2458,-18.9713,8.2253,142.7277,10.8059,8.1646,-109.6451,-31.9242,3.5041,-125.0067,0.0999,12.0016,1.3214,12.1994,-3.4641,-10.2361,-5.2535,0.105,-8.5717,-8.8823,21.0559,-6.8643,0.1149,10.8667,15.6533,0.5788,0.1911,0.092,0.6019,0.5347,0.2032
22458132,120.752908192968,-1878.06581397596,30.5396105483459,5547.7626344845,90.213297644313,0.522871578990382,5.63665500368357,2.94724670200006,51.1845789933693,2.38925768009961,1.24927493580858,11.6653625478647,38.1701454098325,63.4826702376004,2.35916579891399,59.6736870959672,4.1772,44.1399,10.7863,21.5666,68.5868,15.8829,7.5689,104.56,16.036,11.2891,-83.9384,-47.53,-4.4849,-114.7327,-37.7574,13.6423,-11.258,10.1473,-4.5207,-10.3097,-1.7803,-2.3524,-6.8102,7.0448,33.3599,8.3425,12.238,8.3169,8.7319,0.4877,0.2311,0.1059,0.6177,0.5932,0.1929
20021581,104.098903540337,-1738.71121346859,28.2735370188962,4662.96151583791,75.8253665211742,0.523114093532896,4.85700551310633,2.5407680362729,47.3076428163181,2.20726130781856,1.15464949822974,8.28188624812765,34.0684702894079,56.0814630760251,2.20046692972049,47.551829502278,-5.535,20.3026,-47.9369,22.939,0.5556,-47.0421,8.353,-5.2546,-24.8877,10.0407,-121.308,-20.9843,3.7531,-269.3778,1.1679,6.6913,13.9944,9.1139,-3.2817,-10.3224,-6.2545,1.2742,-12.4247,2.5424,51.2862,-9.5338,12.952,6.8033,6.0169,0.5623,0.1539,0.1005,0.6134,0.591,0.207
19740403,136.221220971432,-3756.90803977584,61.091846487427,4620.16074565802,75.1293744836556,0.499075294440488,6.66189168190223,3.32478555267599,59.8053229002386,2.92477618627521,1.45968353633783,10.1439085638635,64.3302423993451,57.2200645035479,2.27774409309122,14.0375279962286,11.1342,131.4861,18.2929,-2.2974,92.5064,-4.0357,2.3457,130.0635,-49.8554,13.7491,-99.8095,9.4197,-3.5396,-46.6067,-11.0574,13.5831,0.8854,11.4361,-3.9337,-10.2798,1.798,0.5753,-7.4336,-8.7204,58.7565,2.5916,11.0047,3.8088,5.847,0.5278,0.2457,0.0746,0.5586,0.6442,0.2125
20656235,133.568915536356,-3274.39732044182,53.2456414480694,4939.5651228879,80.3232740879442,0.530621651010891,6.14383176774225,3.26005015613255,56.8442741385233,2.6146926166474,1.38741251313143,13.9560832834685,56.3814391775207,57.2745023598403,2.34973385728988,27.0776326398748,-5.0504,9.305,2.2207,7.1256,28.8771,-21.0943,16.6228,108.3638,10.1314,5.228,-196.2301,-11.0842,-0.7981,-241.3951,-21.0571,4.6298,-12.7423,12.5231,-3.0938,-10.3733,-5.8255,4.2251,-5.0527,2.3899,34.6406,-7.3296,-2.6164,3.8757,11.0423,0.4881,0.1868,0.12,0.63,0.5931,0.1635
19899864,133.111518775542,-3306.64554388722,53.7700363747912,4879.1887994281,79.3414824004102,0.55599998398262,5.84332111741633,3.24888644768879,59.1597658063387,2.59699169551584,1.4439273411098,11.226209285427,56.3840492845998,57.9946857002722,2.25003457943506,25.571446025619,5.238,90.1559,-15.8406,3.4833,-12.8914,3.1908,24.2013,119.3526,2.4241,13.9912,-11.5191,-28.6966,-8.8741,-152.5479,-3.5194,10.1194,0.0502,12.3318,-3.8458,-10.4409,-1.7114,-0.8551,-15.9801,-8.6373,14.106,-9.6419,11.8804,0.3354,11.0962,0.4917,0.1016,0.0844,0.5023,0.5974,0.2089
23772541,98.0540087806229,-1321.60261127938,21.4908491213642,4708.33288911581,76.5631596590076,0.481307197816463,4.97235201180216,2.39322881335755,45.1512858139142,2.28963700356774,1.10201877020408,6.92851596528547,26.3858684856991,58.9484427145324,2.17167699685766,55.0723105376434,10.7039,18.0749,18.5415,2.1551,50.7963,-17.8718,10.5239,31.3958,19.4113,9.3031,-32.1502,8.6388,-4.4897,-252.5167,3.1601,10.3284,0.0668,16.3461,-4.1081,-10.586,1.3776,0.2982,-7.4227,-1.3605,-16.7091,-8.0459,13.9638,9.8389,11.4677,0.4758,0.1808,0.0852,0.5783,0.6584,0.202
22996699,117.414863154434,-2639.18786180855,42.9163711216921,4581.36395869876,74.4984920324414,0.548789380498966,5.22199284413947,2.86577421790533,51.7686458222566,2.3023958872996,1.26353041265452,9.53183927342125,48.1506690802082,53.9908113856351,2.26806904622478,31.5821209107493,3.9554,146.4679,-47.7392,21.1457,134.0809,11.0571,15.9171,48.5704,19.7207,3.5382,-266.3687,11.8627,5.7368,-258.1328,12.0747,10.4342,16.3485,14.3623,-3.7206,-10.2483,0.0047,3.9436,-11.6705,1.3261,1.0534,3.3314,3.3957,7.8863,5.4362,0.4939,0.2334,0.1368,0.5162,0.575,0.222
23410206,139.905854169971,-3103.07213926225,50.459687797557,5500.58708144401,89.4461663720551,0.525704334276917,6.49550921948282,3.41471735001779,56.2916979269024,2.61349494653969,1.37392562100673,14.1422119396314,56.1232134867635,60.861716996665,2.48537278714963,38.9864785744981,-6.9663,88.4851,-29.5943,3.1525,122.6158,-5.9043,14.2495,65.4199,12.2135,2.6378,-249.336,-10.827,-4.9545,-57.9115,-28.2962,5.7632,-4.0171,12.3452,-3.0539,-10.3489,4.2748,-0.5242,-1.219,-10.8317,-27.3635,9.6481,-0.3276,10.3402,16.0916,0.4724,0.2021,0.1452,0.5532,0.5876,0.1972
20320348,125.061051394704,-3700.89494838989,60.1810062049374,3989.86734577448,64.8800451894467,0.555147813331154,5.49834919540126,3.05239653275812,60.3361131515648,2.65269654701299,1.47263868750536,18.4447959920398,51.3824410879841,47.9589155631673,2.07273960588992,4.69903898450927,6.8735,136.6526,-46.2577,-1.2673,19.603,12.3595,26.3308,81.3587,-37.1611,4.4087,-150.74,-33.8927,7.6288,-223.7436,5.7021,7.3087,-10.9442,12.5481,-4.0364,-10.4416,3.9836,-1.6873,-14.1761,-11.3511,8.3224,-10.8376,-2.9637,10.3518,16.9322,0.4461,0.1046,0.1416,0.6769,0.5809,0.1549
20530480,105.833407922756,-2008.64099084147,32.6629200825906,4499.69692922271,73.1704878398946,0.515483655556125,5.01102703415264,2.58310253365557,50.1643225460221,2.37519306390983,1.22437320323579,8.77054545499874,38.4723120909259,54.7182428336523,2.10973461917405,40.507567757304,13.0602,57.8181,-19.7225,15.3725,27.1405,23.6542,6.3108,72.1613,15.2053,12.2506,18.4376,-3.3812,2.2795,-69.8585,-24.4289,4.979,-3.1279,7.0469,-3.5761,-10.2355,1.117,7.8866,-14.6783,-5.4012,64.3391,-18.8883,0.135,9.4309,12.9451,0.4428,0.213,0.1055,0.5879,0.5456,0.2018
20130497,120.845844121867,-2151.83543987208,34.9914341706149,5279.70820232596,85.8544099509424,0.510028118152791,5.78304395824744,2.94951502721981,50.4596843859204,2.41473403610631,1.2315822562748,11.2900773730183,41.7309764764864,62.4581833678262,2.3948989295618,50.8629757803276,14.3838,29.6126,-40.8968,10.1641,20.2761,-45.4199,3.2959,55.971,-38.3113,13.5193,-115.4775,9.9185,2.8018,-141.6128,-36.9294,7.7807,11.153,15.0753,-4.2411,-10.2015,-6.7524,-2.8257,0.1658,-1.5627,40.7267,-1.5224,11.6618,3.1326,8.452,0.5137,0.2311,0.0542,0.6963,0.6313,0.1644
20828872,114.865699441801,-2192.01686090627,35.6448324384133,4871.77142735713,79.2208670030936,0.5536595795601,5.06368203975105,2.8035560691546,54.1243580955405,2.38599112993087,1.32102684583166,10.3993105328338,37.9914110379819,57.9266176059337,2.12225518202063,43.5760345646803,7.398,145.6075,21.3449,-6.4911,42.779,-49.8292,28.6128,4.0262,-5.7511,8.082,-75.1919,-9.2343,2.0347,-133.6063,16.4896,9.381,-13.1491,11.2282,-4.4427,-10.4635,-4.8111,-7.0124,-14.8531,6.0927,70.2727,5.9263,1.4157,9.355,5.3807,0.466,0.1306,0.0566,0.6494,0.5312,0.2227
19307842,141.542613493275,-2798.81662302857,45.5121269060187,5905.49685212313,96.0304865868944,0.547667988976844,6.30795702890062,3.45466614057035,55.5172892882077,2.4741713223184,1.35502443247829,10.4200516558526,54.1755599702716,68.5850677808826,2.54952313608979,50.5183596808757,-4.1427,105.2701,-49.788,4.2396,100.6644,-40.8913,19.8827,13.9245,-37.2176,12.3726,-125.7319,-23.9658,-9.2308,-164.7187,-24.4407,11.6487,9.7527,15.0782,-3.9741,-10.2541,1.5779,-5.8976,-0.6794,-10.1394,-19.5653,-2.9293,-4.1346,4.4571,9.9693,0.4215,0.1033,0.0668,0.6554,0.6232,0.1797
21340594,66.7626983502064,-1475.24906461334,23.9893253792435,2630.39403851332,42.7733729707919,0.531167578077358,3.06775876827544,1.62949399507045,28.969132173246,1.33113716835759,0.707056905805253,4.74781281563533,27.4436018239492,30.3310846006167,2.30461506236849,18.7840475915485,-5.8933,60.9306,-1.0761,-0.7231,125.3562,3.2786,14.0764,131.9019,-19.62,3.7919,-150.5728,0.0349,1.6812,47.9768,19.1091,4.6122,-8.9574,8.2035,-3.8325,-10.4661,-4.9053,-3.1523,-11.1134,-14.0304,-27.4874,-9.533,-4.7011,1.6571,5.7856,0.4026,0.22,0.0766,0.5838,0.541,0.2198
22599733,129.159135454647,-2351.85635697566,38.2440150250281,5590.92197267726,90.9151204292881,0.520281826765532,6.05906122505192,3.15241944265422,51.306104804952,2.40685127798252,1.2522409796617,14.1350403435303,46.1270686688283,62.2235966269465,2.51742236027594,52.67110540426,10.9356,27.9289,-34.9286,14.8303,92.8573,1.4682,13.1422,128.6583,-11.8466,11.7718,-56.2872,-9.3904,-7.6123,-90.3203,-49.5104,5.9591,-0.0281,8.8898,-3.7929,-10.4823,-5.1178,2.6682,-9.9135,1.8915,-23.9361,7.299,-2.0736,11.8431,11.2141,0.5652,0.2421,0.1379,0.5956,0.6649,0.1872
21825111,120.548878639896,-1903.64833542504,30.9556131378641,5509.63309878789,89.5932655017234,0.559748304100061,5.25641035766996,2.94226678335976,51.1656540849708,2.23102593009264,1.24881298077261,12.7791040946592,35.6168143929143,62.3892548142998,2.35605076873836,58.6376523638593,-4.5434,52.1134,-30.1715,23.3337,67.0368,7.1471,21.0679,57.7756,3.682,2.782,-140.9064,-37.7956,5.4518,-236.0688,-9.1042,8.4685,-2.1039,7.0038,-4.6793,-10.3297,0.4672,9.5849,-6.2644,-12.8574,-27.9775,6.4206,3.8998,8.1953,16.1176,0.4621,0.1787,0.1099,0.6331,0.6342,0.1628
20997069,115.412170915136,-3168.74567652843,51.5276185572334,3928.64845588141,63.884552357607,0.543295887286972,5.18482448027113,2.81689381643612,58.1508166326109,2.61239152884679,1.41930157360578,13.1925677668156,46.4894476105021,48.175527649575,1.98470421566553,12.3569338003736,9.5825,75.7225,10.7482,15.9653,85.3016,10.4,26.4657,114.1789,-24.7726,14.8969,-93.687,18.5426,-4.2172,-66.4237,-35.2254,8.6596,-13.4684,10.4951,-4.3905,-10.2959,-1.0322,7.3193,-13.9552,7.9505,27.323,-7.5396,2.1374,8.3305,7.1436,0.5636,0.111,0.1452,0.6482,0.6486,0.1588
17728796,142.884173143912,-2948.86875427304,47.9521551606484,5837.94535765902,94.9320179828973,0.543613930513443,6.4152328955652,3.48740996951734,59.0345715499872,2.65054216327816,1.44087164337125,16.6829748312432,54.5305378306188,62.9479042283621,2.42034742342333,46.9798628222489,-9.2334,132.8987,9.7692,5.5225,136.1103,-3.9858,16.4942,135.8536,-11.2168,7.9344,17.4186,-24.6804,8.5207,-236.8075,9.4416,10.1331,-10.6534,15.4347,-2.9557,-10.4962,-1.5841,-2.7408,-10.7745,5.7532,10.8791,-8.0094,12.5329,8.3099,17.1349,0.4423,0.1058,0.1489,0.6887,0.6541,0.1817
17550910,124.004261328803,-3266.34376827723,53.1146809967333,4359.43009742725,70.889580331752,0.57996358887675,5.2186090059234,3.02660320801986,62.4249644587137,2.62709908698133,1.52362181482052,17.004355725718,46.663449474967,49.6770572789151,1.98645305454384,17.7748993350187,11.8796,93.6404,0,7.6431,47.7584,4.8013,32.8492,150,32.7823,18.1243,0,0,0,0,3.7426,13.678,3.8958,15.1093,0,0,0.8384,2.327,0,0.3528,40.314,0,22.9294,12.2447,12.032,0.5628,0.128,0.0934,0.643,0.6186,0.2135
21466260,118.44286708672,-1890.81215056116,30.7468813225293,5392.95786452,87.6959857638878,0.552945480071703,5.22811911124388,2.89086483183879,50.5462386354813,2.23113272003259,1.23369475298211,11.2584750767936,38.6664951917009,60.9002840959664,2.34325778305448,56.9491044413585,-4.7781,25,-10,25,25,21.7267,12.143,25,-10,12.1932,-10,-10,0.0472,-10,19.9386,17.5921,11.3384,13.5261,-3.8363,-10,2.2215,0.7515,4.2186,13.6747,25,-6.3567,-2.1089,14.5423,10.5335,0.6109,0.2491,0.0744,0.6458,0.5691,0.2098
17772856,125.559864002903,-1900.99113856062,30.9124039186845,5820.44616717777,94.6474600838974,0.554142478652578,5.53029450850673,3.06457110662266,52.0878038015057,2.29421159071168,1.27132009743044,14.9445220983134,36.4379611673754,64.0911220879855,2.41054248478938,63.7350561652128,8.7204,25,-31.0808,25,25,14.1202,18.1531,25,25,6.3657,-50,24.9201,10.033,-50,14.7558,13.5886,22.9228,15.4586,-3.6375,-10.2273,1.0999,4.1711,-9.917,2.8398,25,6.303,6.8336,12.6761,10.0648,0.5514,0.3608,0.1863,0.6223,0.5753,0.2287
20198477,136.812128324495,-4056.93232229366,65.9706024260932,4356.47493894548,70.841525898052,0.562953638270353,5.93158642522225,3.33920815879391,65.4203932048958,2.8363473401019,1.5967320545088,23.7596240479527,56.7214389614,48.1542956388688,2.09127646017048,4.87092347195877,12.7378,150,-15,-0.7127,53.3924,15.7727,33.9667,108.0122,-15,6.4834,-15,-15,12.517,-15,6.5009,8.4598,-2.123,14.5144,-3.791,-10.3184,5.1466,1.1486,-13.9511,-3.1431,30.6851,-5.8607,-2.1658,13.1537,19.8019,0.5322,0.1265,0.1895,0.6971,0.5848,0.1972
20710476,103.576285228032,-1649.54686481034,26.8236173927809,4719.98689584292,76.7526678349858,0.523213371858329,4.8317046293597,2.52801247095078,46.4367546702437,2.1662167359902,1.13339356261338,12.5766474570495,30.6892335464479,53.4020910051098,2.23048070356223,49.929050442205,21.7538,25,-18.8988,24.3825,25,25,9.3094,25,25,14.2905,21.2963,0.4614,4.1681,-50,-9.3321,5.08,1.2169,11.7096,-3.5731,-10.2242,1.4807,10.0908,-14.6347,-0.6836,25,-10.0821,1.1724,12.6095,13.351,0.5264,0.3074,0.1263,0.6294,0.5658,0.2099
22166576,122.228365251519,-2867.9341929289,46.6360617815147,4648.62905574322,75.592303469691,0.53316952056682,5.59532834686354,2.98325853211117,52.9318298496306,2.42309522343314,1.2919205185656,15.1055587426542,47.7402707570062,52.6468860797029,2.30916568723859,28.9562416881763,0,15,0,15,15,0,10.195,0,0,10.8999,0,0,6.2379,0,3.9093,7.4181,15,12.5102,0,0,0,2.3735,0,3.1695,15,0,15,11.2243,9.4039,0.5645,0.205,0.1169,0.6361,0.6009,0.2113
22307924,121.614730720885,-2244.78736281487,36.5029443132668,5234.03977810855,85.1117864073064,0.531076908109616,5.58917426197129,2.96828138593356,51.9876456701162,2.38925012946641,1.26887557145752,11.8301678192941,41.6329306636983,59.9471523340315,2.33930060023457,48.6088420940396,18.2418,60,-28.972,7.2144,60,-8.6567,10.0096,60,33.3001,8.2034,-95.5953,-23.3267,5.7216,-115.392,3.1185,15.0726,3.1529,13.9949,-3.4111,-10.2259,-2.0659,1.6618,-5.8621,-3.1533,34.7254,-4.5049,1.02,12.939,17.3926,0.5867,0.2613,0.1021,0.6301,0.5591,0.2095
18013272,117.569265700477,-2130.10242674532,34.6380292196307,5099.94454245925,82.9312364805452,0.530551792249147,5.40860056646183,2.86954272409607,51.9614634234934,2.39041044300196,1.26823654474577,12.0611267930955,40.2155060524177,60.0060712084867,2.2626242209976,48.2932072609145,20.9971,42.4007,-33.2008,14.6491,42.6408,-28.2815,6.4979,60,-36.8193,15.416,-103.8177,17.0997,4.3229,-132.7254,-22.0727,8.7181,13.2272,15.4764,-4.0039,-10.1972,-3.6627,-0.5253,5.4789,0.3855,45.525,-1.4869,17.0971,7.946,9.9987,0.5387,0.3064,0.0642,0.719,0.6582,0.1881
18623513,143.344527008619,-3364.3711585422,54.7087243468037,5450.75290365157,88.6358026614479,0.528136539326107,6.62451032696051,3.49864595881098,57.32854847243,2.64937608230019,1.39923231547938,14.4416075485763,59.4248507088729,60.9986657912176,2.50040391442241,33.9270783146442,-6.1617,17.7766,-14.3109,4.623,17.7766,-3.0084,14.8055,17.7766,17.7766,4.1533,-14.3109,-10.6689,-4.0012,-14.3109,-14.3109,5.9214,-1.4768,13.3832,-2.9113,-10.3123,4.9348,0.5797,2.392,-6.8679,-7.8316,12.6908,0.0801,11.7447,17.2693,0.506,0.2482,0.1705,0.5877,0.592,0.2032
19340508,135.88690588119,-2565.76763985126,41.7224699451397,5790.74208373459,94.1644359357021,0.528608848563526,6.27425324092053,3.31662578127897,54.0995765617374,2.49791870212783,1.32042192893709,12.8800131607539,50.8104540497131,66.3100103775354,2.51179241164889,52.4419659905624,-4.4765,10.9886,-10.3026,10.9886,10.9886,7.3218,10.9886,10.9886,8.8826,3.4383,-10.3026,-10.3026,6.2768,-10.3026,-7.2684,8.8635,-1.2045,8.1061,-4.5476,-10.3026,0.6307,10.3074,-5.265,-10.3026,-10.3026,7.3857,4.6559,9.1112,10.9886,0.4787,0.1955,0.1155,0.6357,0.6436,0.171
20951167,133.637178541254,-3381.14224329494,54.9814423703204,4837.01810608389,78.6557361705913,0.499816137357625,6.52583216171801,3.26171622411406,54.220409446378,2.64771596982995,1.3233711688605,6.40651464624865,61.6139060207636,58.040012069249,2.46470249682301,23.674293800271,-8.7612,0.7306,0.7306,0.7306,0.7306,-3.1817,0.7306,0.7306,-8.5679,0.7306,0.7306,-17.1246,0.7306,-17.1246,0.7306,0.7306,-9.2094,0.7306,-2.8994,-10.4708,-1.2768,-2.1734,-10.4308,0.7306,0.7306,-7.4345,0.7306,0.7306,0.7306,0.4571,0.1096,0.1578,0.6935,0.6636,0.1855
20288805,147.672425980735,-3507.22037757575,57.0316245795618,5574.05243242161,90.6408014007945,0.526152290459956,6.85025610554758,3.60427794017115,58.2296321432788,2.70116706259924,1.42122523690158,13.71616934263,61.8503892447177,64.2092044272874,2.53603570115941,33.6091768212327,-4.1333,10,-15,4.6316,10,-15,10,10,-15,10,-15,-15,-8.7624,-15,-15,10,10,10,-3.9506,-10.2516,1.593,-5.3298,0.1554,-9.3001,-15,-2.8508,-3.9663,5.1693,10,0.4331,0.1056,0.0674,0.6559,0.627,0.1824
22528457,121.666324864438,-3055.43169628723,49.6849968554289,4426.56828133805,71.9813280086975,0.549904619496912,5.40010129242496,2.96954064645573,54.6335454182681,2.42488362783761,1.33345470869033,19.6677295234822,44.9312247498512,50.038887166467,2.22695276195192,22.2963311532685,15,15,-3.7434,15,15,15,15,15,13,6.5717,-9.75,12.9441,14.3801,-9.75,12.2793,12.3064,15,15,-3.6759,-10,8.1816,3.4154,-10,1.3441,15,3.2621,5.4837,13.5597,15,0.5514,0.3608,0.1928,0.7719,0.5943,0.2287
22548866,108.002702378114,-3302.67882645619,53.7055327750783,3339.06216207851,54.2971696027587,0.556282584037561,4.73868721594954,2.63604916943416,59.8191486997103,2.62460317168642,1.4600210344189,25.8269135153631,36.0175908946206,36.564468555694,1.80548711785055,0.591636827680326,14.0594,25,20.016,19.6194,25,10.8026,25,25,25,25,6.9,16.0485,6.9228,6.9,10.8351,13.7397,17.0244,15.3503,2.5099,7.0569,1.0188,3.5994,6.8428,2.0688,25,4.3491,25,12.5821,13.5703,0.5733,0.3422,0.1788,0.662,0.6585,0.2275
20446912,115.688264600789,-2735.74486659383,44.4865042341277,4378.62794050008,71.201760366365,0.544977001470942,5.18119581026878,2.82363255671409,53.7397259816993,2.40677863102352,1.31163900153953,15.8427577948965,41.3710492818384,49.0935324076311,2.15275129315296,26.7152561322372,5.7555,19.4,19.1458,21.6,19.4,8.698,15.4473,11,15.4,13.8925,6.6,15.3508,8.7427,6.6,10.5907,11.4906,20.229,14.4561,2.4007,6.75,0.7259,3.5599,6.5452,3.3871,20.72,4.16,21.1085,12.3103,9.8983,0.5761,0.3421,0.1779,0.6482,0.6235,0.2266
23680320,113.746205037543,-1777.82788905677,28.9096212442301,5217.11590080546,84.836583793022,0.54078397557813,5.13371782574537,2.7762323353029,49.3337294917681,2.22658370377101,1.20410078728276,14.3202982465964,32.7600437861977,59.0687212724728,2.30564780342673,55.9269625487919,25,25,-12.0769,24.753,25,25,14.6156,25,25,19.0454,25,14.1583,7.6871,-50,4.1571,10.1852,14.2404,13.959,-3.5344,-10.2224,1.7091,13.6427,-11.8041,1.4304,25,-0.251,5.022,12.6548,15.5855,0.5464,0.3502,0.1743,0.635,0.5734,0.2249
17654132,157.144885229073,-4175.74839845867,67.9026948298626,5488.04336214473,89.2421903988081,0.543566872874775,7.05612302331962,3.83547472640555,64.8686742443933,2.91273460896201,1.58326604290761,16.1677682576328,69.5199101900685,63.5009591310501,2.42250804505466,21.3394955689456,-0.6491,20,14.9801,8.1129,20,7.1099,15.8387,20,-0.9468,5.6271,-50,10.1482,5.1237,20,20,7.6993,4.7356,12.3634,-3.7128,-10.3314,-1.4344,0.7495,-9.9493,-4.5101,4.5941,-2.5578,0.3248,8.8857,8.8979,0.5083,0.3179,0.1252,0.6168,0.5646,0.2252
22312469,130.462889371904,-2597.45292930904,42.2377108876835,5425.50113336296,88.2251784838864,0.539795151558996,5.89897979693636,3.18424069353071,54.2692957544241,2.45382791068443,1.32456440894759,13.6799667966088,45.9349175780325,61.7029573704324,2.4039908305106,45.9874675962029,-0.7963,17.7766,17.7766,16.6965,17.7766,0.6326,17.7766,17.7766,17.7766,7.5696,-14.3109,-1.833,2.4414,-14.3109,1.6215,7.3243,6.0212,15.1624,-2.5191,-10.2534,-0.0996,4.8185,4.6206,3.547,17.7766,-0.7735,0.7943,12.568,12.5677,0.5625,0.3158,0.1703,0.6564,0.6216,0.2165
17526459,153.857102478945,-3651.60304514831,59.3794605312011,5810.0030203558,94.4776419473503,0.539981174890197,6.95437035489608,3.75522907485834,60.8269095636319,2.74938790496951,1.48461771115433,16.919470738135,63.6297980717084,66.1917728796468,2.52942494666761,35.0981814161493,-3.1583,10.9886,-7.6389,10.9886,10.9886,10.9886,10.9886,10.9886,-6.08,10.9886,-9.04,-6.089,1.2455,-9.04,10.9886,10.9886,10.9886,10.9886,-3.8124,-9.9727,2.3561,1.1618,5.9149,10.9886,10.9886,-4.8375,-0.8927,10.9886,10.5973,0.6204,0.267,0.0923,0.6495,0.5701,0.2129
20829366,138.177697092031,-3664.3476543846,59.5867032166121,4833.03670980007,78.5909938750649,0.494582230916706,6.81896280009041,3.37253783420674,56.1049905964355,2.76873802232865,1.36936862790721,9.20786677953315,65.6124969609787,58.2172524961649,2.46284146246358,19.0042906584528,-4.8223,0.7306,-12.9022,0.7306,0.7306,-1.5696,0.7306,0.7306,0.7306,0.7306,-13.6685,-7.6795,-2.7381,-13.6685,-11.8693,0.7306,0.7191,0.7306,-2.8459,-10.3047,0.7306,0.7306,0.7306,-5.9942,-5.2708,0.7306,0.7306,0.7306,0.7306,0.5114,0.2617,0.1724,0.5918,0.594,0.2062
19394718,115.50146269969,-3812.27639212497,61.9922025371791,3290.60883349229,53.5092601622148,0.511242070407697,5.51416532909842,2.81907329941861,52.7662944296526,2.51912023006589,1.2878802420248,17.6654891206618,55.7826430805493,40.0953570875961,2.18892503155921,-8.48294237496434,-3.6847,10,-9.139,10,10,7.7025,10,10,9.7852,3.6139,-9.8262,-8.3301,6.5022,-9.8262,-6.035,9.147,0.2431,8.5472,-4.493,-10.2981,0.6589,10,-4.9859,-9.5141,-8.4669,7.4506,4.804,9.3537,10,0.4845,0.2087,0.1211,0.6367,0.6491,0.1756
17978297,94.7716730285211,-2687.47542173789,43.7015849643582,3140.60935249173,51.0700880639202,0.53802005274705,4.29931206052972,2.31311610158223,47.9578631499747,2.17560598910045,1.17051964901262,18.3323962226201,36.3221663028409,37.3263084914127,1.97614461537099,7.36850309956202,8.7204,25,-30,25,25,14.1202,18.1531,25,25,6.3657,-30,24.9201,10.033,-30,14.7558,13.5886,22.9228,15.4586,-3.6375,-10.2273,1.0999,4.1711,-9.917,2.8398,25,6.303,6.8336,12.6761,10.0648,0.5514,0.3608,0.1863,0.6223,0.5753,0.2287
18991584,131.120685470686,-2903.87707238917,47.2205362618732,5159.52886060815,83.9001492084776,0.529363743243047,6.04555127770196,3.2002956543321,54.2717870493156,2.50229679902421,1.32462520023655,14.7273558796005,50.3085202803744,58.3269510904156,2.41600088369192,36.6796129466044,-1.8028,9.2536,8.573,12.705,9.2536,-0.028,13.5151,9.2536,12.6628,5.8599,-10,-3.5869,1.1465,-10,-2.4257,5.6759,4.6957,11.5545,-2.6008,-10,1.3532,3.7965,3.6481,1.1617,9.71,1.8587,0.7848,10.7924,10.7921,0.5625,0.3158,0.1745,0.6564,0.6216,0.2165
21639843,106.031210791583,-2769.84494518846,45.0410125544424,3750.65707255668,60.9901982368689,0.554568053057185,4.6665695334628,2.58793038062844,53.8826821036858,2.37144592435685,1.31512814920098,15.9225426951965,37.6740205767591,42.0504729310158,1.96781612666475,15.9491856824266,10.2762,20.1468,20.0275,24.9834,20.1468,13.8921,17.0545,14.1172,16.9305,18.2553,9.4857,25,13.0905,9.4857,16.3669,14.3654,25,14.9435,5.7954,18.4824,1.2955,4.4283,7.8733,3.4974,22.4802,7.5641,25,12.5118,11.9857,0.5886,0.3663,0.1849,0.6557,0.6253,0.2359
21630483,143.709013896926,-3165.96602402325,51.4824180619492,5671.57254681293,92.2265958346094,0.548684027747042,6.39264466158594,3.5075420208746,58.1577334839092,2.58704526879926,1.41947041804871,15.8005945527703,55.6939632868197,63.7847852857157,2.47102156992908,40.7441777726602,-0.552,20.9783,16.7027,13.7781,20.9783,11.0999,17.1177,20.9783,10.5868,6.9092,-10,17.5286,6.8941,24.529,25,7.9468,5.5841,14.2107,-2.9249,-10,-0.5534,3.4351,-0.3331,0.8075,12.1345,-1.3802,0.676,11.64,11.6429,0.556,0.3198,0.1649,0.6516,0.6147,0.2329
22428657,119.760879744151,-1855.14461209187,30.1668842180806,5509.67799239225,89.5939955257637,0.560702830417216,5.21316082103462,2.92303402777425,53.9080339593126,2.34660309089302,1.31574699492951,13.9332087309166,32.6807916728959,62.4360898772195,2.2215775821938,59.4271113076831,14.7159,28.0338,-1.9074,30.2312,28.0338,22.0508,18.3903,28.0338,29.2474,7.1242,-15,40.6509,14.8157,-15,22.4787,17.5351,33.5708,15.6452,-2.9329,-10.211,1.8555,4.579,-0.7583,3.2853,28.944,10.7613,11.1456,12.7533,11.8519,0.5607,0.3986,0.1996,0.6509,0.6142,0.2389
18095974,118.275020066691,-2950.75939766223,47.9828992977079,4322.68868650252,70.2921207686803,0.559644902297197,5.15821393733757,2.88676813498932,58.4575191055206,2.54945118269478,1.42678735805069,18.269702004775,41.1585936950445,51.6481582404384,2.02326444701142,22.3092214709725,24.4778,16.1106,8.3078,16.0179,16.1106,23.0457,16.666,16.1106,15.6749,7.1705,-9.2027,21.2192,21.5433,-9.2027,18.2477,15.2956,20.3873,15.0974,-2.9818,-9.848,13.1503,4.2573,-1.2276,2.6658,16.4438,5.6834,8.6724,14.2341,16.654,0.5602,0.3968,0.2107,0.8642,0.6161,0.2384
23843098,113.195504732258,-2000.98453800432,32.5384169442617,4960.09335119549,80.6570877877069,0.545621132258363,5.06357059574139,2.76279112171857,49.6820848955832,2.22242698424675,1.21260312750625,18.6826437550642,31.510904577035,54.5209063471088,2.27839682996721,48.1186708434453,38.93,27.6004,2.9693,29.1035,27.6004,37.2812,16.3226,27.6004,28.6406,25.2422,29.2456,22.2178,10.5197,-15,5.4351,11.73,18.6788,14.6088,-2.9861,-10.2057,2.6858,18.4078,-2.9348,2.5733,28.3806,0.0311,7.6093,12.7079,17.4324,0.558,0.3749,0.1771,0.6504,0.6081,0.231
19374538,134.297548467749,-2847.83524667883,46.3092287246848,5410.93525329646,87.9883197427205,0.539343894962016,6.0774472000946,3.27783404432502,55.6237231852466,2.51717357902624,1.35762220240749,15.3458179053932,49.3504755760495,62.0496275354044,2.41439336990246,41.6790910180357,10.9886,10.9886,-10.3026,10.9886,10.9886,3.0682,10.9886,10.9886,10.9886,9.3909,-10.3026,1.3058,8.7228,-10.3026,9.8082,10.9886,10.9886,10.9886,-3.1965,-10.2217,-0.3256,3.233,-2.6773,0.4987,10.9886,1.584,5.0925,10.9886,10.9886,0.62,0.3357,0.1639,0.639,0.5789,0.2244
22312469,130.462889371904,-2597.45292930904,42.2377108876835,5425.50113336296,88.2251784838864,0.539795151558996,5.89897979693636,3.18424069353071,54.2692957544241,2.45382791068443,1.32456440894759,13.6799667966088,45.9349175780325,61.7029573704324,2.4039908305106,45.9874675962029,-0.7963,17.7766,17.7766,16.6965,17.7766,0.6326,17.7766,17.7766,17.7766,7.5696,-14.3109,-1.833,2.4414,-14.3109,1.6215,7.3243,6.0212,15.1624,-2.5191,-10.2534,-0.0996,4.8185,4.6206,3.547,17.7766,-0.7735,0.7943,12.568,12.5677,0.5625,0.3158,0.1703,0.6564,0.6216,0.2165
20023176,118.041060855497,-2556.43025090015,41.570632762447,4702.63026287594,76.470428092748,0.548835012449439,5.24940594032301,2.88105777460934,54.3512825952466,2.41705677373515,1.32656538450393,15.6292046115779,39.1335492977509,53.5361661087981,2.17181739269242,34.899795330301,10.0907,18.2681,15.6157,25.3239,18.2681,14.809,17.0253,18.2681,23.8076,6.7702,0,26.1409,10.9883,0,14.3101,14.2145,25.4858,14.4998,0,0,1.7149,4.3599,6.8207,2.6907,21.712,8.2685,9.2392,12.3925,11.6569,0.5642,0.3953,0.1986,0.6616,0.6287,0.238
18142645,121.944070181706,-2014.19877544876,32.7532963495751,5484.88144570243,89.190773831819,0.558511653702852,5.32901966535002,2.97631958590966,55.8705952177414,2.44157424126081,1.36364766712486,17.5323018057099,32.7630500930834,61.622167640728,2.18261627080328,56.4374774822439,25,25,5.9733,25,25,25,17.6873,25,25,25,25,25,13.3551,-10,15.934,15.5613,25,15.2928,-2.951,-10,3.2338,25,-1.4983,3.0432,25,7.113,10.2544,12.7419,21.6067,0.5604,0.3958,0.1969,0.6509,0.6135,0.238
20685673,126.58267265702,-1983.28450058139,32.2505930322534,5801.05151057725,94.3320796244422,0.551766959909607,5.59934765511394,3.08953503313921,53.8624153453714,2.38258825423965,1.31463347775815,13.5936776622784,37.5940680323616,65.7595924568638,2.35011133172099,62.0814865921889,13.3368,18.1476,-5.3662,23.1115,18.1476,14.23,15.6517,18.1476,21.7248,10.8188,-9.7107,24.4407,12.5613,-9.7107,17.2585,15.1129,25.2154,13.9223,-3.0304,-10.215,1.0485,4.0809,-1.4683,2.2542,20.7922,7.3657,9.4144,12.2486,11.605,0.6699,0.3886,0.1939,0.649,0.6085,0.2366
20387431,122.379423498585,-2568.26474457899,41.763075873492,4957.58799156992,80.6163476247803,0.542168312354522,5.50925861326578,2.98694544467892,55.3770758786579,2.4929569329561,1.35160225311331,16.7300267575684,40.0623371536166,56.2966597745063,2.20992931744433,38.8532717512883,8.511,21.8795,25,24.8173,21.8795,12.6268,18.1448,21.8795,24.2002,7.8369,-14.2282,21.958,9.866,-14.2282,13.3015,13.4508,22.5509,15.4521,-2.2708,-10.2279,1.0735,4.9623,7.848,3.704,23.5836,6.1474,7.8332,12.694,13.0544,0.5639,0.3821,0.1938,0.6607,0.6275,0.2344
22087657,130.189436806833,-2785.35123131921,45.2931634300721,5220.7865751864,84.8962733764273,0.552773141376649,5.74840946684497,3.17756635890716,56.4158007845551,2.49099413334705,1.37695465224105,17.7491674645466,44.1514761338539,58.2143569496117,2.30767683869293,39.6031099463551,8.1507,23.6594,26.6033,23.1564,23.6594,16.9258,17.8431,23.6594,20.5142,7.0317,0,29.8297,11.4094,29.0353,26.3413,13.4121,21.5365,15.0284,0,0,0.8197,4.0871,0,2.2199,20.4384,5.5405,7.4393,12.3592,11.7779,0.5596,0.3797,0.1913,0.6522,0.6152,0.2375
16743670,116.965410332037,-2669.9242496665,43.4161817821383,4522.98799176367,73.5492285495996,0.537819172848082,5.30811144715261,2.85480410789305,52.8231276580398,2.39721339667924,1.28926732614237,15.4824615904346,45.3664518609304,52.1155952125341,2.21428407437807,30.1330467674613,2.5471,15.9492,6.0631,17.7766,15.9492,17.4635,15.5142,15.9492,11.3166,14.2464,-8.1515,7.2048,5.3547,-8.1515,17.2193,14.1204,17.7766,13.7998,-3.0934,-9.7266,4.0818,3.4458,8.555,17.7766,17.4884,0.8872,3.4677,12.1621,11.7716,0.6956,0.3357,0.1649,0.6553,0.6084,0.2238
22128155,128.401223292913,-4154.75120510041,67.5612551939362,3741.41851051363,60.839968098648,0.50054102827405,6.2610671197888,3.13392097423193,56.6589934605059,2.76279113156613,1.38289031390053,11.7666662310508,64.3810224939095,44.9611684517154,2.26621080698186,-6.72128709528823,0.7306,0.7306,0.7306,0.7306,0.7306,0.7306,0.7306,0.7306,0.7306,0.7306,0.5322,0.7306,0.7306,0.5322,0.7306,0.7306,0.7306,0.7306,0.5111,0.7306,0.7306,0.7306,0.7306,0.5862,0.7306,0.7306,0.7306,0.7306,0.7306,0.5317,0.3132,0.1641,0.6885,0.6785,0.2203
22428657,119.760879744151,-1855.14461209187,30.1668842180806,5509.67799239225,89.5939955257637,0.560702830417216,5.21316082103462,2.92303402777425,53.9080339593126,2.34660309089302,1.31574699492951,13.9332087309166,32.6807916728959,62.4360898772195,2.2215775821938,59.4271113076831,14.7159,28.0338,-1.9074,30.2312,28.0338,22.0508,18.3903,28.0338,29.2474,7.1242,-15,40.6509,14.8157,-15,22.4787,17.5351,33.5708,15.6452,-2.9329,-10.211,1.8555,4.579,-0.7583,3.2853,28.944,10.7613,11.1456,12.7533,11.8519,0.5607,0.3986,0.1996,0.6509,0.6142,0.2389
21107035,124.864966330723,-2832.85781803995,46.0656777083983,4845.84601667843,78.7992886220051,0.548906512889088,5.55214863323209,3.04761054530934,57.8000032820324,2.57009006331815,1.41073917446686,18.1945144148971,41.3267027724326,55.798633814433,2.16029341246661,32.7336109136069,11.8408,23.5962,25,25,23.5962,13.6593,19.8651,23.5962,25,9.8944,-13.6048,23.5569,11.7258,-13.6048,15.8498,14.5976,24.3894,16.5077,-1.7467,-10.219,1.0907,5.5704,14.2762,4.7043,25,6.988,9.0697,13.0423,14.1879,0.6614,0.3881,0.1939,0.6715,0.645,0.2364
20920950,119.913722935226,-2534.2267864313,41.2095777064119,4839.99507255878,78.7041452285071,0.536988967037706,5.45032491690886,2.92676434715076,53.2979018065536,2.42249906953632,1.30085527300011,16.3305178070331,41.2387165273337,55.9985308181651,2.24987699085147,37.4945675220952,9.3446,16.8725,12.7836,21.1376,16.8725,19.3648,15.6008,16.8725,17.4366,16.4058,-7.955,17.3395,9.8949,-7.955,17.2423,14.7456,22.463,13.8769,-3.0537,-9.419,5.9927,3.846,14.8697,27.5557,19.2923,4.9686,7.7136,12.2239,11.8905,0.7171,0.3801,0.1893,0.6607,0.6085,0.2346
22551136,80.5984441570276,-3463.12039582513,56.3145057981908,1493.36660295144,24.2839383586304,0.574389350688823,3.42483116877612,1.96718655125216,56.1336101572221,2.38525866960695,1.37006717846042,16.3615364590429,34.5289943493249,18.9521774354862,1.43583218558869,-32.0305674395604,13.3408,25.463,37.7538,25.8498,25.463,21.2112,19.0223,21.2303,26.1805,31.3815,14.8965,25.2349,15.0547,14.8965,21.5816,17.2003,25.0969,16.1051,18.4997,40.8467,1.9669,4.7354,20.7129,4.2691,26.641,10.8522,32.9487,12.9312,12.338,0.6476,0.4005,0.2012,0.6668,0.6517,0.2399
20138550,126.790092231884,-2154.64346548438,35.0370960467702,5642.44803291549,91.7529961847895,0.560690544505779,5.51926140016394,3.09459767972765,55.8836138117465,2.4326527978917,1.36396542184341,16.1396232635031,35.6638140654379,63.2678379756063,2.26882414331683,56.7159001380193,20,20,10.4183,20,20,20,18.5422,20,20,20,20,20,13.6884,-9.9757,16.4532,15.7497,20,15.8685,-2.9176,-9.9097,4.1516,20,-1.4857,3.3746,20,7.2191,10.6543,12.9767,20,0.6217,0.3998,0.1986,0.6519,0.6162,0.2387
20685673,126.58267265702,-1983.28450058139,32.2505930322534,5801.05151057725,94.3320796244422,0.551766959909607,5.59934765511394,3.08953503313921,53.8624153453714,2.38258825423965,1.31463347775815,13.5936776622784,37.5940680323616,65.7595924568638,2.35011133172099,62.0814865921889,13.3368,18.1476,-5.3662,23.1115,18.1476,14.23,15.6517,18.1476,21.7248,10.8188,-9.7107,24.4407,12.5613,-9.7107,17.2585,15.1129,25.2154,13.9223,-3.0304,-10.215,1.0485,4.0809,-1.4683,2.2542,20.7922,7.3657,9.4144,12.2486,11.605,0.6699,0.3886,0.1939,0.649,0.6085,0.2366
