,Element Count,Downforce,Front Axle Moment,Rear Axle Downforce,Rear Axle Moment,Front Axle Downforce,Frontal Area,Cl,ClA,Drag,Cd,CdA,Center of Pressure,RW 1st Element AOA,RW 1st Element X,RW 1st Element Z,FW 1st Element AOA,FW 1st Element Z,FW 4th Element AOA,FW 4th Element X,FW 4th Element Z,Bullhorn AOA,Bullhorn X
0,20480539,98.0281885951231,-3977.09650819443,66.2849418032405,2051.25115244686,34.1875192074477,0.555258371149875,4.30898258299876,2.39259865034907,57.5931625341252,2.53159767426028,1.40569080101658,-8.96518090630673,12.3706,-34.633,7.0853,2.3335,4.9197,6.3691,23.7609,2.4855,-3.7434,14.8332
0,19514700,98.0421844855362,-3852.0221363567,64.2003689392784,2177.18621644303,36.2864369407172,0.55003158136628,4.3505506835279,2.392940272275,56.6691076180498,2.5146504657798,1.38313717227631,-8.62657771136324,11.3801,-39.5656,1.583,2.1178,5.5874,2.2371,48.2227,12.0748,2.8838,9.8849
0,19943242,94.7216174470656,-3826.35739715144,63.7726232858573,1998.64915588799,33.3108192647998,0.547459695129022,4.22294900793281,2.3118943764283,56.1425536528327,2.50298873310033,1.37028544873448,-8.85736021893475,8.2936,-33.4707,3.4365,2.4364,3.6183,2.463,18.8732,-2.7017,-9.8713,67.1493
0,20104894,90.7022213021477,-4048.39808613635,67.4733014356058,1529.43142839345,25.4905238065576,0.547682291540284,4.04210991748442,2.21379202226557,55.8537340120442,2.4891003653212,1.36323619195288,-10.5658207150545,9.1776,-11.9097,1.5273,1.3466,0.5556,4.1419,17.4087,-3.7218,2.1673,17.3417
0,19596958,97.7891682219078,-3796.94019576624,63.282336596104,2216.70865294791,36.9451442157985,0.543992572235274,4.3874952496112,2.38676482650605,55.859747439911,2.50625279868353,1.36338290662771,-8.54251016625256,8.0602,-22.4228,4.5657,1.9241,6.6835,1.1476,16.9158,-2.2054,-0.3191,1.4462
0,21560052,94.041995596201,-3832.34407292584,63.8724012154306,1950.86841196344,32.5144735327241,0.541874279632368,4.23586580155333,2.29530672983609,55.2823608092614,2.49004351828687,1.34929053772494,-9.02748365902285,5.8559,-14.3187,8.115,2.4122,4.0825,2.9391,47.7019,7.2478,6.0901,-16.2158
0,19610375,104.716420112982,-3456.00811019269,57.6001351698782,2983.63945716258,49.7273242860429,0.541128975176425,4.72316226926327,2.55583995835839,56.4546565018005,2.54634854042786,1.37790297612371,-7.25977664213169,5.6994,-8.698,13.0028,0.0354,2.2363,7.8853,17.0182,5.377,-5.427,59.3242
0,19098631,99.0545607652615,-3605.24683986985,60.0874473311642,2486.21866839746,41.4369778066243,0.536573275314813,4.50572112156502,2.41764953985327,55.1745771178961,2.50974064770884,1.34665975953185,-9.04956828668298,5.3063,-18.4312,2.6186,0.2004,5.2717,9.4038,16.4929,-0.2391,5.2472,35.7768
0,19136668,110.168697379577,-3634.23261877611,60.5705436462685,3140.70853480458,52.345142246743,0.548063871099471,4.90620743658776,2.6889150401133,57.6101205525254,2.56558540311756,1.4061046676689,-7.38111822391438,12.0603,-29.0175,0.5829,0.6938,6.9862,5.1272,44.6333,-2.2808,6.5109,28.6376
0,19324156,101.088457129198,-3824.44152576015,63.7406920960026,2392.10060141895,39.8683433569825,0.549441058242443,4.49054782912291,2.4672913513216,56.57330737909,2.51309743814556,1.38079891588107,-9.89340838726799,10.9561,-39.4601,9.9541,1.4465,3.7343,2.1293,37.6113,14.7722,8.2606,13.5727
0,20505582,101.424862582878,-3655.26682025692,60.9211136709486,2581.96291789181,43.0327152981969,0.54745829483706,4.52180943662968,2.47550208375541,56.6313039824203,2.52478493177256,1.38221445357851,-8.83384598883769,9.4135,-13.3431,5.7602,1.6378,5.6788,9.8486,36.9699,14.6287,5.3863,65.0307
0,20464379,101.853333699473,-3696.66083452099,61.6110139086832,2566.91819040329,42.7819698400548,0.545174418649782,4.55993497058882,2.48595989667157,56.5117076570713,2.53000763581786,1.37929544203651,-8.99826142860209,7.277,-11.2757,8.536,1.4608,4.2111,9.1378,37.3042,4.5135,-2.4694,24.6299
0,19076632,102.431998721402,-3860.27451493117,64.3379085821862,2438.89013063179,40.6481688438632,0.548013810661889,4.56208124159676,2.50008352575656,57.2929278668189,2.55169277920922,1.39836288357287,-9.79524318874295,11.3748,-39.8455,-2.2533,0.2338,2.8833,3.5685,27.1541,2.5312,1.0442,22.2326
0,19793286,107.043544516322,-3445.5146337263,57.4252438954384,3137.24192252231,52.2873653753718,0.54097019207021,4.82954275147084,2.61263866987447,55.7170665127246,2.51381767976412,1.35990043305149,-6.92581379083279,6.602,-11.4505,6.9923,1.2435,6.4214,10.5856,30.1219,0.8258,3.7084,-15.0304
0,19274977,101.857856803815,-3770.08747081918,62.8347911803197,2493.76970721464,41.5628284535774,0.553039808580459,4.49528286372502,2.4860703744695,58.213609415175,2.5691355488035,1.42083423212754,-9.25701039223528,13.0752,-10.8687,-3.3498,1.3189,3.2177,0.1039,25.8073,8.0838,-7.0576,31.847
0,20253453,101.384916192916,-4005.30803418476,66.7551339030794,2229.46515825067,37.1577526375112,0.555066681182592,4.45807182565121,2.47452713273784,58.2872178287268,2.56299076189401,1.42263077610615,-8.70851797490944,13.338,-15.6016,8.8945,0.8478,0.2141,3.508,18.451,12.9302,8.694,52.8174
0,19212369,97.8865278745237,-3789.94237702827,63.1657062838046,2229.69370701582,37.1615617835971,0.554965260036323,4.3050282773697,2.3891411374142,57.3591809400309,2.52264434417502,1.39997997444425,-8.61434166908243,13.6175,-22.0326,3.0204,1.7503,5.1505,1.5245,33.6404,-3.4972,-3.6821,63.8452
0,20001089,94.5413621466068,-3922.48379476448,65.3747299127414,1891.43776696366,31.5239627827276,0.550523783990331,4.19145335792297,2.30749476302274,56.6086822956351,2.50972321646574,1.38166232189711,-9.21318392744703,11.1564,-18.7853,5.9515,2.3594,6.5762,5.1903,40.2968,14.1111,7.0669,25.6406
0,19473772,105.131362640262,-3581.62684621732,59.6937807702887,2883.53805293276,48.0589675488793,0.549567784664852,4.6690648116668,2.56596760500433,56.7278746834122,2.51938257883408,1.38457150257306,-7.87235664505525,12.1729,-32.4168,0.4989,0.1064,2.5338,2.6653,35.0011,7.3171,0.3703,-24.7675
0,20794047,95.9881568524218,-3959.57422345264,65.9929037242106,1943.3195166379,32.3886586106317,0.557670624103657,4.20105898560342,2.34280718639774,57.0926004877722,2.49873932530428,1.39347351901479,-9.15724530920875,13.7272,-28.4223,4.3556,1.8153,2.1134,10.3025,28.9066,13.5952,7.4333,36.4537
0,19481957,105.109259368589,-3509.4704292086,58.4911738201433,2954.33520575441,49.2389200959068,0.538806090855966,4.76131984243952,2.56542813161978,56.0378195531559,2.53844412726612,1.36772915706854,-7.52891384141179,5.5768,-31.4503,6.7828,0.2578,2.731,6.6617,25.9296,12.5888,4.4476,43.7085
0,19801293,102.988943762726,-3715.90358657019,61.9317264428365,2617.510986336,43.6251831056,0.546193381103049,4.60217401718268,2.51367698686961,56.7875749187001,2.53761512878281,1.38602858712813,-8.91512566481004,9.7716,-25.0868,6.8801,0.1677,3.9879,5.6847,30.6073,-3.8034,-5.329,13.8705
0,19453152,103.129981853922,-3339.50893215357,55.6584822025595,3002.57892809277,50.0429821348794,0.538752229625921,4.67212819063453,2.51711947980247,55.5679464950889,2.51741118003021,1.3562608861265,-6.90545860261841,5.4896,-18.9615,5.9719,0.0303,4.9365,9.3356,25.5599,1.4132,-12.9436,50.0017
0,20524032,101.593024222793,-3687.57686525071,61.4596144208452,2559.99415169879,42.6665691949798,0.545281040880475,4.54739165284759,2.47960645375592,56.4037160191031,2.524679124153,1.37665966070735,-9.00587853020485,7.7733,-39.7212,5.1432,1.9893,6.6323,9.477,19.3193,9.7618,0.8609,52.7097
0,20088850,106.934819568596,-3499.8627609696,58.33104601616,3076.20763904509,51.2701273174182,0.542841532243893,4.80800547726215,2.60998506031401,56.522621321863,2.54137122034795,1.37956184725421,-7.18436232614983,8.73,-24.9275,1.0321,1.004,6.6789,5.4626,46.1782,14.657,6.4303,45.5694
0,19818233,108.389517245109,-3537.77630611256,58.9629384352093,3127.75227384835,52.1292045641391,0.542208850329965,4.87909805304841,2.64549014599055,57.0657145514814,2.56878362262946,1.39281721477236,-7.14195081987315,7.5685,-12.1945,6.8967,0.9049,6.929,9.0017,39.2008,11.8471,5.5484,8.0921
0,19578746,104.915336296638,-3554.26403416716,59.237733902786,2897.61609534792,48.293601589132,0.547960849619533,4.67313485411625,2.56069494504819,56.4195433036499,2.51303711709168,1.37704595380698,-7.77014399397257,11.0439,-28.9375,2.1851,1.2191,6.9446,6.4655,49.2716,10.683,5.1691,-13.4204
0,19124449,106.733188729543,-3640.26659822614,60.6711099704357,2923.40429900939,48.7234049834898,0.547137928040711,4.76125602492194,2.60506375634714,57.1245153774016,2.5482649422252,1.39425240058788,-7.92251355907284,10.5982,-15.9828,2.4206,0.9899,5.5097,7.3,43.3814,0.6719,4.5643,-5.044
0,19352780,107.680464583351,-3529.8376194353,58.8306269905883,3092.08701337492,51.5347835562487,0.549173452446741,4.78570880291375,2.6281842257009,57.139758675325,2.53949727229493,1.39462448450529,-7.19655257058894,11.8116,-35.0282,1.1151,1.2062,6.8877,10.5157,34.0435,0.4404,3.9655,10.8977
0,19767621,108.013174900541,-3505.94031338708,58.4323385564514,3136.44469404649,52.2740782341082,0.546253493636488,4.82615613337345,2.63630464869041,56.351295709268,2.51784239895963,1.37538020685777,-7.07976136543431,9.7635,-24.8229,9.1629,1.0985,6.929,6.8861,37.9699,0.6018,5.7206,8.9807
0,19657728,112.541057985546,-3553.33899153696,59.222316525616,3367.49299930341,56.1248833217235,0.552501196280009,4.97160533428937,2.74681789462695,58.3078462738135,2.57580304250425,1.42313426236528,-6.59197132542097,13.6114,-19.0342,5.5135,0.7501,6.5408,9.2336,18.3142,-2.1611,3.9561,-14.905
0,21310116,98.1098824171159,-3895.7963620355,64.9299393672584,2137.57514702894,35.6262524504823,0.548063671057762,4.36918680168079,2.39459255806629,56.7135574171002,2.52565919393998,1.38422204967154,-8.73558742370735,9.6,-5.7097,5.3665,2.4983,6.901,8.5553,37.3598,-0.259,4.2779,-14.0855
0,19251493,104.601680290153,-3648.25917791029,60.8043196318381,2784.33234207279,46.4055390345465,0.540096109824409,4.72700957658968,2.55303948341881,56.2658776854195,2.5426870956225,1.37329540884644,-8.34196789052509,7.0182,-22.2927,4.6217,0.7282,6.7709,5.5167,37.9603,0.6069,5.2304,-14.3049
0,20061024,92.661199334172,-3874.69289634557,64.5782149390928,1823.60605463762,30.3934342439604,0.542918848364274,4.16564134868764,2.26160520372809,55.4128599805427,2.49111928663393,1.35247561423732,-9.3716774907881,6.803,-23.4966,2.8556,1.1232,0.2687,8.8306,32.2113,-3.5305,6.1503,5.7545
0,19443982,100.640156618553,-3828.74064339494,63.8123440565823,2360.23276734303,39.3372127890506,0.547135277488071,4.48947421271005,2.45634971914665,56.2293153295722,2.5083432861423,1.37240309989881,-10.0446852584308,9.1171,-26.4025,10.0497,2.1,6.6402,9.0872,36.2453,-1.2145,4.8142,24.5104
0,20378525,104.614436158843,-3558.48710730109,59.3081184550181,2874.88884838649,47.9148141397748,0.544513280802804,4.68923508979469,2.55335078319973,56.1551114042218,2.51709542713763,1.37059188912445,-7.86212425448429,9.3586,-18.0393,4.0535,1.1895,6.8613,9.5139,33.9881,-1.4436,6.3219,66.7886
0,19598955,109.00022274772,-3439.87268493084,57.3312114155141,3263.21187908697,54.3868646514495,0.548243908637226,4.85257727385516,2.66039593158252,57.4139518930469,2.55600980562437,1.40131680635058,-6.52108928359214,11.2087,-24.8763,3.9829,0.9589,6.622,1.8625,39.0377,13.3021,-10.4556,33.4637
0,19704958,108.659396641026,-3520.99749866834,58.6832916444723,3161.12760162358,52.6854600270597,0.547858128202158,4.84081018490583,2.65207720688445,57.1082836772894,2.5441919411794,1.39385623468156,-7.02081332382075,11.8207,-25.3624,0.3807,0.7266,6.8805,7.235,38.1781,-1.3205,6.158,10.5877
0,19471041,100.783197438611,-3499.36104583719,58.3226840972866,2698.40881218124,44.9734802030207,0.541390179637451,4.54356398620745,2.45984092268711,54.5755733762953,2.46040625839639,1.33203978621433,-8.21907160045083,6.6335,-15.4473,-2.7409,1.0996,6.7187,9.0885,42.29,12.6879,-8.863,18.8786
0,19278025,109.303808187897,-3442.74269923612,57.3790449872687,3279.01117413366,54.650186235561,0.545423670618719,4.89125364881575,2.66780551906429,57.2050829188505,2.55987943326405,1.39621883683224,-6.5064953236106,10.2879,-22.3909,6.6975,0.7249,6.8176,10.4589,44.1673,-1.4721,3.7608,21.5439
0,18852788,111.036385349321,-3553.97573065214,59.2329288442023,3274.3248169716,54.57208028286,0.542962407446325,4.99130891194171,2.71009310313617,57.5671761113634,2.58776038373374,1.4050566078463,-6.83370062264823,8.7636,-14.9401,1.2033,0.898,6.9841,8.4834,32.7186,0.7143,6.4956,-2.0572
0,19341356,105.037442252742,-3651.59768690066,60.8599614483444,2807.79147818243,46.7965246363739,0.546043699894577,4.6950002156881,2.56367528878017,56.5773512819734,2.52891417360263,1.38089765206982,-8.27947575560719,10.7833,-13.3485,3.7959,0.7841,6.877,3.538,35.0512,-0.4081,5.1473,15.3972
0,19415508,99.7504602619264,-3762.84010028343,62.7140016713905,2371.42048726549,39.5236747877582,0.548447401065316,4.43913972573484,2.43463464554508,56.2297623505423,2.50236210603427,1.37241399357882,-9.76622542040224,10.1697,-27.4932,4.1587,2.0416,6.4496,9.7703,39.4732,-1.3416,-2.2219,10.6351
0,19581909,103.894595321185,-3583.45957233617,59.7243262056028,2805.64900585596,46.7608167642661,0.541962248913668,4.67888954665092,2.53578150112158,56.1452964857309,2.5285015068261,1.37035236302107,-8.10021302895583,6.9168,-5.089,4.7832,0.9319,3.0647,8.399,36.9398,-1.7637,4.018,-1.7511
0,19749246,104.778568690958,-3505.55519450396,58.4259199083994,2937.91426571725,48.9652377619542,0.541605874609767,4.72180413194852,2.55735685661999,55.9088679545832,2.51951068828921,1.36458178991954,-7.56117282897166,7.3397,-13.0811,4.1971,1.2362,6.6429,6.7035,35.2696,-1.919,9.4899,4.1233
0,19260631,103.559274979643,-3586.81992057849,59.7803320096414,2781.66777676839,46.3611296128065,0.54314104469212,4.65366641496386,2.5275972382721,56.0390454162009,2.51823917878212,1.36775905834834,-8.18287425271144,7.6305,-14.9496,6.3862,1.2129,5.732,6.2644,31.3713,0.4397,4.4854,57.1465
0,19116069,109.026155743682,-3523.12386889407,58.7187311482345,3181.55547227695,53.0259245379492,0.546694085499717,4.86749163793581,2.66102888967884,56.8411135706858,2.53768137662971,1.38733539948624,-6.99987548383379,10.6116,-15.3115,5.1238,1.0639,6.4547,7.2436,36.1112,-2.5352,5.7908,-3.1427
0,19745806,110.042768526639,-3547.56772710316,59.1261287850527,3219.629297805,53.6604882967501,0.548645992471545,4.89540000523006,2.68584159441465,57.6204716730172,2.56332388857668,1.40635737887417,-6.93458628551544,11.9191,-11.7209,0.7674,0.8225,6.7897,10.3806,31.5674,0.0933,4.8355,-11.9537
0,19350474,102.912840159946,-3603.67370533438,60.0612284222396,2725.06079562149,45.4176799270249,0.549266321809966,4.57304482469866,2.51181951033434,56.4393252739292,2.50794326492486,1.37752877243336,-8.34016049788949,11.1129,-37.8556,2.0194,0.8599,2.9247,8.5662,28.5422,0.3144,6.4055,-14.5887
0,19370589,111.223965421446,-3460.90878936662,57.6818131561104,3378.92719418822,56.3154532364704,0.551365109406347,4.92354576162427,2.71467134752512,57.5839735275252,2.54906690050688,1.40546655048207,-6.32399360554718,12.0515,-17.7195,4.5781,0.8696,5.435,9.1944,21.0741,-2.1111,-9.0806,-3.8766
0,19567906,106.037479390388,-3616.59827904428,60.2766379840713,2904.28923284785,48.4048205474641,0.541070963080926,4.783260613441,2.58808342678158,56.3650811958157,2.54258092900111,1.37571671196583,-7.95996052094532,8.7556,-17.2218,-4.6278,0.8056,6.7084,1.5378,25.077,-1.6117,4.2293,-10.9428
0,19508682,110.581426880485,-3391.92706055302,56.5321176758837,3408.39533241335,56.8065888735558,0.544453668373636,4.95724205062565,2.69898861947918,56.5519408247318,2.53516044248411,1.3802774028262,-6.10701610173666,9.1234,-18.875,2.9697,0.7639,6.6951,8.6862,29.3611,12.957,2.8826,-7.3277
0,19544281,95.566984893799,-3858.62000489351,64.3103334148917,2018.37331789994,33.6395552983324,0.546962141389264,4.26451340391801,2.33252738339021,56.3588773868033,2.51491860199295,1.37556526396575,-8.87964847193159,10.2925,-16.3546,3.7601,0.7899,1.5187,0.6184,19.275,9.4401,4.5245,-1.5747
0,19369437,109.472892008685,-3472.56402535181,57.8760670891968,3259.58783731176,54.3264639551961,0.544752030582038,4.90485988085254,2.67193237981479,56.6959190918555,2.54022282465728,1.38379154186289,-6.67712343145886,9.6582,-16.2772,5.5108,0.8933,6.7054,9.2249,32.6672,-1.6797,5.2839,-7.775
0,19654103,107.430293316712,-3527.73247729006,58.7955412881676,3078.80760754861,51.3134601258102,0.554696954094641,4.72704627932194,2.62207817300429,57.5361670277449,2.53165206831507,1.40429969112177,-7.18651080409436,13.4158,-14.135,1.7163,1.5555,6.6146,9.0681,22.1773,-1.7514,-11.1044,-20.7216
0,19833930,95.5668869163331,-3893.09275473922,64.8848792456536,1983.89454282581,33.0649090470969,0.547964450370288,4.25670861618998,2.33252499725701,56.5702597930643,2.51973377025518,1.38072453049733,-8.98208266567547,9.4993,-18.894,3.6898,2.0142,4.2058,8.8036,32.5341,-0.3374,8.1432,-7.4376
0,20347959,98.5906989650686,-3809.68772787526,63.4947954645877,2253.25210590873,37.5542017651455,0.550109147538796,4.37427371276783,2.40632798323208,56.4261557624641,2.50351658376761,1.37720737374564,-8.52982926033867,11.0153,-17.2925,2.5799,0.8438,0.3183,9.0814,25.4934,-1.8038,6.0632,-3.6097
0,19357597,108.204899878727,-3529.99097284347,58.8331828807244,3124.18436592534,52.069739432089,0.549751873047206,4.80395688898173,2.64098429775573,56.8897448175319,2.52572556173425,1.38852235836661,-7.14292243682751,12.4634,-16.55,2.2616,0.8817,6.572,8.9302,35.4408,-1.567,4.7034,-9.0134
0,18798122,98.4538271258049,-3797.65601200824,63.294266866804,2256.86674252682,37.6144457087803,0.554928702414073,4.33026313328111,2.40298730166318,57.2400571149636,2.51757109203189,1.39707245933644,-8.73512641226209,13.5075,-17.8271,5.4507,0.9368,1.6979,8.9861,36.264,0.0904,4.9348,69.2257
0,20555001,108.11856552325,-3577.08142342658,59.6180237237764,3071.78469237967,51.1964115396612,0.546284500101324,4.83059116772366,2.63887708125379,57.1887175761423,2.55511449564459,1.39581944495485,-7.38579240037373,10.3574,-13.1108,3.9901,0.8385,6.9309,6.6038,28.0799,0.2746,2.2149,-5.6762
0,19361514,104.197710778454,-3602.49400525819,60.0415667543032,2805.25498018741,46.7542496697902,0.545599407259739,4.66125820041079,2.54317971122872,56.4229140910176,2.52406477102962,1.37712824295895,-8.14576584039732,10.1442,-19.5277,4.6844,0.7799,6.6887,9.0568,24.0289,-0.2906,5.5404,-3.4795
0,19366205,107.654297606139,-3511.78661626679,58.5297769377798,3108.52885046457,51.8088141744095,0.547761558067323,4.79687829951511,2.62754553120173,56.5622207377053,2.52030894504307,1.3805283545478,-7.14822038288591,11.3805,-38.6256,2.8276,0.773,6.7846,6.4549,27.4093,-1.1655,9.098,-2.5139
0,19307027,102.008445197751,-3656.67888387672,60.9446480646121,2616.43888751613,43.6073147919355,0.548142737543093,4.54214849131843,2.48974570835851,56.686374549116,2.52408445337481,1.38355856206283,-8.74833507658694,11.9052,-17.709,-2.6755,0.7683,6.7883,5.8692,28.5321,-1.7959,4.699,-17.4826
0,19367289,110.783054061197,-3600.71808155939,60.0119680259899,3212.00358921255,53.5333931535425,0.550781287679748,4.90922607616155,2.70390985973926,58.1337838937348,2.57613305767335,1.4188858827397,-7.08120487291085,12.6915,-17.5794,3.9346,0.8005,6.5901,8.5978,24.7128,-0.0183,6.0674,-12.6555
0,19477733,105.57983987686,-3518.89999912718,58.6483333187864,2973.8444844143,49.5640747402383,0.546913181181079,4.71174187082289,2.57691373547584,56.4961718486764,2.5212709050429,1.37891629129631,-7.47548144391141,10.1088,-26.6214,3.6398,1.659,6.6722,8.5856,43.7446,0.2668,5.04,-12.2492
0,19840913,108.215076052838,-3491.12269905388,58.1853783175646,3163.67843435911,52.7279739059851,0.543253168069799,4.86188167689453,2.64123262375346,56.3700245036194,2.5325897209223,1.37583738931205,-6.97200750872486,8.8187,-18.234,3.298,0.8103,6.8207,5.8991,24.2322,-1.3593,6.4407,-4.9546
0,19532314,102.663736107855,-3560.47677952354,59.3412796587257,2752.93880295388,45.8823133825646,0.556507481588904,4.5026164398588,2.50573973550662,57.7501161924319,2.53279914047375,1.40952167103559,-8.02912512347024,13.4804,-28.021,13.9194,0.7728,2.8056,8.7931,18.1565,-1.7223,-14.7755,61.9302
0,19739116,107.316058225902,-3482.20704531976,58.0367840886627,3117.30803117882,51.9551338529804,0.546429780392207,4.79346123576735,2.61928997037891,56.5145592334677,2.52432257968193,1.37936503285469,-7.03552133978659,9.5379,-33.3892,13.5601,0.7608,6.6076,8.6821,31.3237,0.2439,3.1342,-14.9895
0,19626898,108.916613614681,-3506.98861718769,58.4498102864615,3190.95431431821,53.1825719053035,0.546468288421116,4.86461000273032,2.65835510202828,56.9145039140682,2.54200765018544,1.38912656975022,-6.92851833353777,10.4676,-15.5706,3.8091,0.8849,6.6027,9.1932,19.8271,0.3844,5.8804,34.4441
0,19802392,105.105777218578,-3618.49495124022,60.308249187337,2845.0965452064,47.41827575344,0.548023512684757,4.68108211229792,2.56534306234729,56.5551055065693,2.51878726128793,1.38035464263663,-8.09201368912057,10.9178,-31.9083,1.5851,0.6462,3.9635,9.016,22.063,0.1313,6.2855,-2.373
0,19132465,102.82815003306,-3622.44259120489,60.3740431867482,2701.08380037333,45.0180633395556,0.551904071779787,4.54744335173933,2.50975250201286,56.5403193699432,2.50042327262916,1.37999378533698,-8.44566657466864,12.872,-17.1045,12.2052,0.789,6.5898,9.0167,25.9628,-0.6298,4.7479,-8.5645
0,19392204,102.74182419333,-3631.04142246632,60.5173570411054,2687.17626983424,44.7862711639039,0.541982353105384,4.62680299425571,2.50764557418175,55.772551128877,2.51162181114085,1.36125469931293,-8.57146954061179,8.0673,-15.4481,11.8004,0.7513,6.6596,0.7212,29.8035,-2.0538,5.2722,-14.3517
0,19987737,103.325074132727,-3397.25236721776,56.6208727869626,2956.83290009487,49.2805483349146,0.539542594416666,4.67410951106656,2.52188117218847,55.4876477943184,2.51009103529873,1.35430102940709,-7.19854492723825,5.7371,-17.7657,3.875,0.8091,5.7963,9.8564,27.1409,-1.1051,-8.2777,33.3658
0,19712173,109.664804351016,-3382.90242247209,56.3817070412014,3361.05129368401,56.0175215614001,0.547470447370859,4.88906110824406,2.67661647215384,56.750846141075,2.53005835710226,1.38513218063716,-6.16851605767998,10.144,-18.3993,3.7923,0.7862,6.39,9.0268,26.3924,6.3016,-6.7521,-2.8477
0,20496011,106.395830035371,-3608.18477774455,60.1364129624092,2934.73988798394,48.912331466399,0.553445843238524,4.69211201401957,2.59682989016867,57.2989277259633,2.52691282246732,1.39850939782066,-7.78051176159603,13.3962,-17.8321,4.1097,0.7894,5.5506,9.159,23.3411,12.6174,1.235,-6.5527
0,19449732,110.190760442334,-3416.05272445394,56.9342120742324,3360.24522062384,56.0040870103974,0.550603300569507,4.88455781536489,2.68945365496249,57.2165155557143,2.53630501417466,1.39649791205556,-6.2488989537854,11.888,-18.4386,4.0265,0.8012,6.415,9.1803,28.7449,2.4209,-6.3473,3.9007
0,21023870,109.707649615068,-3381.85909111661,56.3643181852768,3364.72944009648,56.0788240016081,0.547061262055883,4.89462969113426,2.67766229612811,56.2698782520174,2.51049236562083,1.37339312191819,-6.18676099941277,10.336,-17.934,4.1298,0.8632,6.481,6.4092,28.38,7.1922,-3.2082,-5.7884
0,20795497,108.855165757291,-3490.55323134684,58.175887189114,3203.61089885042,53.3935149808403,0.550204367392097,4.82885175413816,2.6568553246158,57.3018219480434,2.54192808861337,1.39857993595172,-6.81174817956817,11.6774,-14.4248,3.367,0.772,6.1707,8.7376,21.564,9.8079,-4.7971,-7.0797
0,19368188,104.156655152875,-3678.49509990807,61.3082516651344,2726.72912620087,45.4454854366811,0.546097311072486,4.65517331428388,2.54217762950682,56.7788781247429,2.53767287239911,1.38581633199874,-8.53273533248142,9.8242,-18.268,4.535,0.8593,6.6644,9.1049,21.4512,-0.0617,-1.3637,-4.454
0,19668866,107.563529638203,-3489.9536891228,58.1658948187133,3124.77990493485,52.0796650822475,0.547388280239044,4.79610226760442,2.62533017211456,56.7529525891198,2.53053210062429,1.38518361465042,-7.02395456680743,10.4291,-18.1948,4.5173,0.82,6.6027,8.7994,24.3828,6.3603,0.1926,-7.0662
0,19046283,106.122019739159,-3603.47545909943,60.0579243183239,2922.61095140595,48.7101825234324,0.548085875687418,4.72580485217228,2.59014689073069,56.5265320028042,2.5172283742047,1.3796573177812,-7.85220200901621,10.6183,-17.8037,4.5675,0.8413,6.1697,9.0961,23.4343,7.6173,-0.4027,-5.2042
0,19680777,107.21646455471,-3396.49013709164,56.6081689515273,3196.90032072993,53.2816720121655,0.546789255342591,4.78586430782341,2.61685918104545,56.8894294165562,2.53939626593641,1.38851459327113,-6.56288536543717,9.4563,-18.5977,10.1958,0.8523,5.4374,6.3604,29.7068,11.873,-0.8576,62.3233
0,19076743,104.698188466547,-3571.54416065906,59.5257360109844,2866.98223221861,47.7830372036436,0.54722579636122,4.66972684417553,2.55539499109332,56.0739428575145,2.50099834634833,1.36861081177856,-7.92358222422147,10.2417,-18.4891,4.4697,0.7819,6.0994,8.863,27.6602,0.5795,-5.6999,-5.2854
0,19917810,111.72367929046,-3405.95788559653,56.7659647599421,3464.60853352416,57.743475558736,0.546720541015682,4.98768166873029,2.72686802034222,56.9837672519964,2.54392706311673,1.39081718025161,-6.00642122832528,9.8637,-17.7978,4.5552,0.814,6.6148,8.8395,27.6809,0.2153,-8.7102,-6.5454
0,20042546,108.091211018398,-3427.32159407905,57.1220265679842,3219.86232737373,53.6643721228955,0.545053843509914,4.84027314302104,2.63820948024143,56.3724763862297,2.52433274534608,1.37589726514881,-6.64625569023499,9.3108,-18.2369,3.7773,0.7716,6.1955,6.4793,22.2249,4.8112,-0.7661,-4.9942
0,19845654,110.190546992776,-3432.98896847887,57.2164828079813,3343.29585029142,55.7215975048571,0.546411876659286,4.92201674162087,2.68944840473748,57.3829931047328,2.56319675737999,1.400561150447,-6.32575960021865,9.7646,-18.4442,3.0079,0.8574,5.5833,5.0843,29.0503,12.4349,-7.4666,42.0445
0,19435383,114.736106547399,-3326.27265722799,55.4378776204665,3729.54617823824,62.1591029706374,0.546712689378618,5.12223884095674,2.80039297237908,57.314137522576,2.55871242443454,1.39888055090909,-5.19370058637017,10.7635,-18.5806,4.4856,0.3524,6.2401,8.7864,27.5456,12.14,6.6767,-5.3123
0,20369245,96.2442801309953,-3924.77708773247,65.4129514622079,1993.86722563042,33.2311204271736,0.551017486927199,4.2631285886305,2.34905840135467,56.51945028384,2.50352212090702,1.37948446752884,-9.04100957308727,10.2937,-13.9432,4.52,2.3961,3.4831,9.1558,21.5347,-1.5438,-2.6252,-5.6673
0,19266623,110.493168317905,-3477.22829819224,57.9538049698707,3317.66654065032,55.2944423441719,0.54669613592723,4.93296815983811,2.69683463163555,57.2372329300024,2.5553566061983,1.39700358252473,-6.5277903750454,9.8042,-18.8114,3.5865,0.8507,5.8943,9.1336,24.5643,-0.3891,-7.2481,-6.3528
0,19496705,101.407030065671,-3680.03703817021,61.3339506361702,2556.09607037711,42.6016011729518,0.546603766668276,4.52808234866359,2.47506686756365,56.2001358344022,2.50947930236644,1.37169083904958,-9.00857878983812,8.0452,-18.62,4.494,0.8552,0.8391,9.0668,28.1851,1.0337,-5.1809,-5.3482
0,19666473,111.37598820156,-3410.39122914544,56.8398538190907,3438.79355687118,57.313225947853,0.55052873502262,4.93776544388076,2.71838176365808,57.1781951942587,2.53494959670064,1.39556259481771,-6.05878632401592,11.4905,-18.5562,4.4103,0.8277,6.0425,8.737,22.1916,12.4424,-8.9965,-5.5718
0,19582465,104.963721006923,-3522.36140918631,58.7060234864385,2932.49418952021,48.8749031586703,0.548970860206339,4.66668828777225,2.56187588365318,56.4824635105803,2.51121100129409,1.37858166354004,-7.58380462755393,10.3568,-17.8559,3.8605,0.8619,3.6495,9.1363,25.2952,9.6758,-1.6578,-5.1182
0,19621433,109.721947629112,-3497.80745324488,58.2967908874147,3249.66034954049,54.1610058256749,0.545374410347972,4.91040862867359,2.67801121043045,57.0654213311791,2.55386040221152,1.39281011096714,-6.75056239260566,9.6406,-18.7498,3.7714,0.8646,5.8702,10.9124,24.3879,-1.2482,1.8161,-6.0499
0,19589748,110.450185298449,-3505.15791538161,58.4192985896936,3287.09363698896,54.784893949816,0.548404442108391,4.91568865194994,2.69578549275116,57.4035940497018,2.55480056542036,1.40106397877755,-6.66744561751041,11.053,-6.7328,3.0423,0.7831,6.382,8.7133,24.3202,5.3139,0.7493,-5.1688
0,19497892,101.82979879862,-3927.43020917635,65.4571701529392,2334.7015120026,38.91169186671,0.547688892916668,4.53795136307211,2.48538555815065,57.2881555954213,2.55299398446472,1.39824644897439,-8.55230582649996,10.0549,-18.4876,5.1679,2.0437,5.5869,0.385,25.6135,6.93,-0.8561,-6.7513
0,20406995,101.452254992199,-3864.12925173501,64.4021541955836,2374.78501174282,39.5797501957137,0.554000308844383,4.46961990234988,2.47617080631883,57.1324737784106,2.51705042820488,1.39444671460239,-9.99877932990111,12.2963,-8.7633,4.5304,2.3197,6.39,8.8383,27.5586,9.7221,1.6233,-11.1079
0,19452690,110.015372466128,-3473.76207528287,57.8960345880478,3291.75019976244,54.862503329374,0.546673231151594,4.91184269624583,2.68517291766506,56.8484079791112,2.53810382373038,1.3875134183169,-6.59225543055746,10.5148,-20.0915,4.5351,0.4149,6.5373,8.8351,27.5748,4.2193,2.4432,-6.2954
0,19839314,104.856805359893,-3576.36374688137,59.6060624480229,2871.91696046079,47.8652826743464,0.547582320696403,4.67375664928425,2.55926651238531,56.2366892100981,2.50662414544589,1.3725830666769,-7.91007815911557,10.664,-18.2204,4.5501,0.7077,6.4738,8.7865,30.7056,8.1446,0.5925,-6.313
0,19287461,107.93007348395,-3450.14594264681,57.5024323774468,3187.1286548375,53.1188109139584,0.545608709199189,4.82814226097647,2.63427646684143,56.6367834870981,2.5335890086325,1.38234822864123,-6.7693717253621,10.0884,-18.0216,4.5539,0.4271,6.4093,8.8029,31.8066,0.5166,-0.9373,-6.4544
0,19410794,109.194145999541,-3620.65717145846,60.3442861909743,3094.35290906856,51.5725484844761,0.547509855587456,4.86772803314128,2.66512907246419,57.7544765076361,2.57461681450214,1.4096280803011,-7.42308370444787,10.308,-18.4486,-0.034,0.3763,2.3165,8.7912,27.6658,10.3939,3.2461,-5.905
0,19478074,107.683721667402,-3481.05028290166,58.0175047150276,3141.07464775456,52.3512441292426,0.539221927557753,4.8741782164438,2.62826377313084,55.89583441906,2.53005982981182,1.36426373826757,-7.022347712329,6.4182,-17.931,4.5235,0.5495,6.4265,8.7915,27.6309,2.4058,6.9768,15.8598
0,19852696,107.881677641093,-3435.72635199935,57.2621058666559,3198.57209168417,53.3095348614028,0.548561824922645,4.79999713330484,2.63309518706917,56.5491973686336,2.51605269027388,1.38021045537817,-6.70405272669636,10.7111,-18.414,4.5292,0.791,6.2924,7.3909,27.6671,1.8401,-8.0748,-6.2548
0,19132912,103.621043310657,-3560.22137616188,59.3370229360314,2812.06483035979,46.8677471726632,0.547183537550275,4.62204135730834,2.52910494059565,56.3795732880726,2.51482431675216,1.3760704659579,-7.994741038819,10.5144,-17.8399,4.525,0.3594,6.399,8.7869,32.9194,2.9447,-6.1962,-6.2921
0,20376825,108.146710875294,-3484.65419569623,58.0775699282705,3165.94274845217,52.7657124742028,0.545864962627928,4.83556234885367,2.63956406084202,56.7475035989636,2.5373503232198,1.38505063935834,-6.92092123493384,9.9327,-34.3,4.5072,0.7769,6.4202,8.823,27.5744,9.8885,5.9756,46.6906
0,19385963,102.414749058349,-3561.90278407617,59.3650464012696,2736.20107512109,45.6033512520182,0.547192439406309,4.56815987370808,2.49966254489234,55.9076000646825,2.49373120179493,1.36455085953379,-8.21766259955684,10.4111,-17.9336,0.2049,0.6829,6.385,8.7997,27.5459,9.0467,-5.292,-6.1079
0,19073347,101.102391485369,-3654.28524674683,60.9047541124472,2563.11378847704,42.718563141284,0.543046625005653,4.54405100763217,2.46763156354818,55.6976989896516,2.50333529700281,1.3594277842949,-8.94954749431159,8.7255,-21.3166,-2.52,0.3787,5.7664,8.6942,27.5464,3.1705,-1.5477,-6.7867
0,19828043,103.226684468823,-3528.64968402431,58.8108280670718,2819.38500631926,46.989750105321,0.541776610208072,4.65040328481148,2.51947972774565,55.7157874154732,2.51001843317975,1.3598692782879,-7.93183145788571,7.5534,-17.9305,4.5054,0.3617,6.246,6.6769,27.6311,2.3374,-3.2308,-6.1481
0,19561916,109.094889263503,-3628.34739308407,60.4724565514012,3080.55878895139,51.3426464825232,0.552141521287916,4.82250711421738,2.66270641446578,57.9877437969543,2.56333095790382,1.41532145466142,-7.4652264907541,13.3596,-18.1267,4.5464,0.4374,6.4161,8.7971,26.0765,3.8434,5.054,-5.6775
0,20822966,108.29153788776,-3346.12017980379,55.7686696633965,3313.3830554259,55.223050923765,0.548413994099977,4.81953215230583,2.6430988773393,56.3338321901666,2.50714617964434,1.37495405017125,-6.17938926961263,9.8781,-17.8999,4.5087,0.5231,3.8065,8.8213,27.678,9.1639,-12.9777,-5.7945
0,19655158,102.969828845095,-3545.86124279672,59.0976873799453,2786.37783793076,46.4396306321794,0.551315199000047,4.5585728683632,2.51321050807787,56.3566895060877,2.49496457957314,1.37551189368543,-8.00851840464317,10.4089,-18.454,11.4069,0.3525,0.185,8.832,27.5467,11.039,-6.4984,-5.9958
0,19639050,103.349746816481,-3539.61446745907,58.9935744576512,2815.98807276781,46.9331345461301,0.546400624313176,4.61654544508138,2.52248331336261,55.9201216926678,2.49790435913785,1.36485650130753,-7.95699641661563,10.2669,-18.0116,4.5109,0.6435,6.5956,8.802,27.5706,5.5261,4.2536,-5.4117
0,19399377,111.601893804613,-3365.42482775392,56.0904137958987,3497.65226345785,58.2942043909642,0.546820061765718,4.98133778159676,2.72389543340864,56.7314319318184,2.5322009838006,1.38465829836506,-5.82650269046209,9.88,-18.1945,4.5031,0.7968,6.3974,8.8314,27.5901,7.3549,-3.0038,-6.3723
0,19682613,102.534753283802,-3628.83117972714,60.4805196621191,2676.65246687767,44.6108744479611,0.548757965817944,4.56046507234978,2.50259153628645,56.6267941658734,2.51860475284727,1.38210442087187,-8.51814838628905,10.164,-18.0822,4.5099,0.354,0.4203,8.8013,27.6182,6.4569,3.6546,-5.954
0,19748495,105.394412357355,-3541.51096735447,59.0251827892412,2939.83045376745,48.9971742294576,0.547679991060635,4.69688119773358,2.57238785238759,56.8390739062262,2.53302211716458,1.38728553048509,-7.60132317941227,10.418,-14.1309,4.5481,0.824,3.7135,8.8269,44.0162,1.0044,3.5251,-5.7791
0,19992683,108.780870594336,-3396.46565767463,56.6077609612438,3293.12961250168,54.8854935416947,0.545879065568385,4.86379182136696,2.65504213456695,55.853670517183,2.4973198354688,1.3632346182111,-6.4153490211152,9.898,-11.1361,4.4933,0.3778,6.2604,8.822,27.6621,9.3644,-1.1241,-6.3861
0,21068597,103.85290409973,-3630.24309412893,60.5040515688155,2756.3016380825,45.9383606347083,0.546113214388321,4.64146227262774,2.53476388116686,56.7262489556675,2.53524681546295,1.38453178766023,-8.32116905571246,10.3979,-17.9105,4.5529,0.4007,6.4713,8.7958,27.5938,1.596,1.0813,-5.5162
0,19219735,109.175243411431,-3468.0987245583,57.801645409305,3245.74892121962,54.0958153536604,0.545576402463248,4.88413297191368,2.6646676959688,56.8446232135164,2.54303713770403,1.387421052919,-6.68471280189087,9.9726,-18.3209,4.4861,0.5769,6.605,8.8364,16.8228,6.2535,6.1973,-5.576
0,19722857,107.905032407641,-3573.31547633698,59.5552579389497,3062.41919354129,51.0403198923548,0.545083199630653,4.83167564698875,2.63366522123814,56.994594030804,2.55205328096585,1.39108136801677,-7.41244192737268,10.5881,-18.2899,-0.8815,0.5499,6.4222,8.8027,27.6423,-3.0053,7.5962,-5.9473
0,19843929,103.709963730481,-3496.20848856524,58.2701414760874,2881.54597369506,48.0257662282509,0.547164633608811,4.6261672938823,2.53127513237017,55.8360249091814,2.49066514888129,1.36280388362986,-7.67195529197773,10.3334,-18.1493,4.4971,0.4048,6.4374,8.8149,27.6246,2.9013,-8.3564,-6.1508
0,19468866,104.81470191136,-3762.5752146089,62.7095869101483,2683.11629641019,44.7186049401698,0.545002282759518,4.69399641640433,2.55823876220535,57.5446618279582,2.57706630346633,1.40450701821178,-8.83021593096827,10.1595,-18.4992,4.5082,0.4254,6.4803,4.7604,27.5874,6.2687,1.9342,-6.2994
0,20002448,111.992414784654,-3400.21083404766,56.670180567461,3486.88175995162,58.1146959991937,0.547347721782622,4.99394993233677,2.73342711816101,56.8283955898809,2.53408378466165,1.38702498634084,-5.9518554251709,10.4773,-18.5714,4.5234,0.6686,6.4588,8.8337,27.5751,6.6166,-0.5299,-6.2979
0,19105309,101.602176211787,-3659.4923752489,60.9915395874816,2588.64145299224,43.1440242165374,0.544759632166965,4.55215439445424,2.47982995349013,56.6271363072131,2.53710576876732,1.38211280536237,-8.83147262631288,10.34,-18.7977,4.5185,0.6979,6.405,0.5338,27.5894,4.8559,2.4068,69.2039
0,20153486,108.628333563182,-3452.78367434885,57.5463945724808,3227.43116895134,53.7905194825224,0.547963500172172,4.83849574729141,2.65131906525397,56.597147236159,2.52093581138942,1.38138081091832,-6.69170415426579,10.3987,-18.3762,4.5169,0.1525,2.916,8.8325,35.3465,7.1544,-0.3663,-6.3243
0,19479697,110.197575965044,-3396.73591287855,56.6122652146426,3379.98116001309,56.3330193335514,0.551662971510477,4.87547687610046,2.6896200610002,57.0377659474116,2.52352473732497,1.39213515527289,-6.15494807680052,12.5317,-19.7411,4.5042,0.6546,6.508,8.8337,27.5802,5.2469,-3.5172,-6.3505
0,19923838,110.618443553684,-3342.14904819505,55.7024841365841,3460.44972443806,57.6741620739677,0.545922774681718,4.94555712026415,2.69989226544153,56.7464348143254,2.53703384110078,1.38502455399515,-5.82820014736904,10.3421,-10.8532,0.7956,0.4173,6.5257,8.8327,22.2469,11.1932,0.6352,-6.311
0,19584813,109.787271463204,-3421.5273238227,57.025455397045,3329.95763757871,55.4992939596452,0.546063353992448,4.90713292209449,2.67960546192568,56.7125233134934,2.53486480297461,1.38419677622972,-6.36553369076765,10.2007,-19.5236,9.2916,0.4221,6.5181,3.9334,27.5808,5.5433,-1.9013,20.1825
0,19542843,103.351797914417,-3656.54906528691,60.9424844214485,2699.17960938784,44.9863268231307,0.547414685744582,4.60808486915584,2.5225333305333,56.4989729930189,2.51908595521062,1.37898464653521,-8.55401383869775,10.2816,-18.3417,-4.2819,0.5487,3.0783,8.8337,27.5801,9.8805,-0.9677,-6.3689
0,19364414,102.533033832508,-3628.80859140017,60.4801431900029,2676.56931571951,44.6094885953252,0.546311705773696,4.58080900152076,2.50254957944431,56.4277815273597,2.52099133220444,1.37724707493731,-8.53287289979815,9.937,-18.6029,4.5113,0.678,6.513,8.8338,27.5763,4.9041,0.4992,34.9761
0,19140043,104.456988761791,-3571.65782770272,59.5276304617121,2852.03573293809,47.5339288823015,0.546100911823241,4.66856563482475,2.54950795008445,56.4214573449804,2.52168169837055,1.37709267480813,-7.93520339758346,10.4835,-37.2593,4.5253,0.6035,6.5304,6.4202,16.2738,4.6958,5.6748,-24.38
0,20177352,108.545347139649,-3292.70416374883,54.8784027291471,3382.40734122247,56.3734556870411,0.537562031470078,4.92834956555806,2.64929360425607,55.2253698942659,2.50743062598554,1.34789950107508,-5.92578964045811,5.2272,-18.3751,4.5184,0.4602,6.4425,8.832,27.5866,3.2338,-1.1337,-6.3608
0,19693240,110.952006067639,-3484.56403698177,58.0760672830295,3338.54751702063,55.6424586170105,0.546727542475483,4.9531681348527,2.70803344183589,57.117788933061,2.54987739387071,1.39408820116473,-6.50955037517938,10.2573,-19.3897,4.5194,0.5853,6.4421,8.8696,27.5852,14.8,-1.4589,-6.3441
0,19534418,98.8297121854978,-3726.03652833684,62.100608805614,2351.6016775061,39.1933612917683,0.550928018273019,4.37836082675529,2.41216165356851,57.1812158182565,2.53324622553775,1.39563632283312,-9.59872962927045,10.4182,-19.939,9.1289,0.6218,0.4082,8.8338,22.0128,5.6069,-0.1093,55.855
0,19686102,111.98516847767,-3505.58906866937,58.4264844778229,3381.0579059792,56.3509650996534,0.547583871019645,4.99147330996038,2.73325027715934,57.1816986679968,2.54873861065285,1.39564815463852,-6.48313215247151,10.1632,-18.6933,4.5081,0.5584,4.4994,8.8333,27.5848,4.7439,-1.0589,-6.3594
0,19596888,105.553313535054,-3540.92102356176,59.0153503926961,2950.19219439315,49.1698699065524,0.547380578633263,4.70653586670495,2.57626632607516,56.5990804007496,2.52370667492289,1.38142802001992,-7.59153367253625,10.2508,-18.974,4.5038,0.7689,6.3296,10.7176,27.584,4.2783,-2.7178,-6.3115
0,20116748,109.885912655546,-3363.12209169514,56.0520348615858,3394.42891468399,56.5738152447331,0.546209134387603,4.91023114083802,2.68201310108019,56.3005449838832,2.51577916172553,1.37414155823647,-6.06142544304084,9.7113,-19.3341,4.527,0.7679,6.4664,8.833,27.5778,11.7893,-0.9887,-6.3353
0,19405100,108.555027400121,-3541.71310701062,59.0285517835103,3133.99369586838,52.233228264473,0.544810742823517,4.86321161346752,2.64952993164119,56.8438579688032,2.54657676248603,1.38740237762712,-7.16619699059951,10.3225,-18.7271,4.509,0.6901,6.4271,0.2897,27.586,6.4419,1.8248,-6.3358
0,19619311,105.230202100694,-3618.16041832273,60.3026736387122,2853.08271851198,47.5513786418663,0.548919849570642,4.67897097831569,2.56838004556245,57.248987725848,2.54552729881555,1.3972904619438,-8.00959484520904,10.1518,-18.8737,4.532,0.6636,2.5575,8.8351,27.587,5.6664,-2.4425,36.739
0,19967128,106.191016183184,-3481.24817721555,58.0208029535925,3049.08124295764,50.8180207159606,0.549114490153126,4.72001892916852,2.59183078780348,56.5647127325367,2.51421000021311,1.38058914240491,-7.18382201164947,10.412,-19.9181,4.5291,0.5226,2.4732,8.8347,19.4009,5.2307,-1.646,-6.3443
0,13281517,0,0,0,0,0,0.546189880373148,0,0,0,0,0,0,9.888,-19.52,4.5187,0.5169,6.4206,8.8336,27.5761,6.1983,-2.5841,-6.3342
0,19455068,110.666411891276,-3370.87954805095,56.1813258008492,3434.66908849223,57.2444848082038,0.546577361162739,4.94177616198155,2.7010629740728,56.8071722723739,2.53670761496268,1.38650695422773,-5.97217062392911,9.8869,-19.9423,4.5318,0.6571,6.4231,8.835,27.5798,4.955,-2.4463,23.0398
0,19321642,104.202577064663,-3593.41567886293,59.8902613143821,2814.63256402596,46.9105427337659,0.548019861923575,4.64088760296805,2.54329858338138,56.5601807204378,2.51903022863075,1.38047859807553,-8.08044785708258,10.071,-18.8841,4.5271,0.541,1.1828,4.618,27.5874,5.7233,-1.2295,-6.3679
0,19385638,110.158564214366,-3400.15543166879,56.6692571944798,3374.16257214585,56.2360428690976,0.547126325621611,4.91416259513859,2.68866772418533,56.5409069662499,2.52228423718434,1.38000810686398,-6.20887801870334,10.3421,-25.1622,4.5046,0.7797,6.5332,8.8351,27.5754,7.0114,1.0371,-6.3264
0,20035247,110.607237714731,-3343.89349876699,55.7315583127831,3458.01615888803,57.6336026481338,0.546205233574285,4.94249864254887,2.69961862549399,56.3932804908905,2.51994099151056,1.37640495786144,-5.8618984129321,10.0095,-19.9053,4.5108,0.5167,6.504,8.8328,37.962,4.4981,-1.764,-6.3128
0,19109096,106.484983848079,-3586.86464404453,59.7810774007422,2961.54263016609,49.3590438361015,0.546288650966778,4.75756885647074,2.59900587248296,57.1461508373673,2.55319330168581,1.39478052443535,-7.6716599048047,10.4292,-16.4559,4.3193,0.587,6.5127,5.9714,24.3818,7.8525,-0.1234,9.8898
0,19327251,102.212492033902,-3573.88930690601,59.5648217817668,2711.77654157573,45.1962756929288,0.538924765599603,4.62908023535046,2.494725980778,55.6570599962551,2.52064098291355,1.35843585087744,-8.33428588881485,6.0311,-17.6745,0.9927,0.667,6.5171,10.2644,24.6971,7.5193,8.2455,-6.3038
0,19390297,110.94973391822,-3420.57507360788,57.0095845601313,3402.39675215074,56.7066125358457,0.547984554562004,4.94170507856619,2.70797805625489,56.8332813426646,2.53135636404176,1.38714418958712,-6.19345906875,10.3737,-12.0937,12.6137,0.4224,6.4619,8.8329,23.8496,6.846,-0.2366,7.0937
0,20236306,109.377783386573,-3546.16589783509,59.1027649639182,3180.13715901217,53.0022859835362,0.546733893799732,4.88283454048267,2.66961114109791,57.2629151073399,2.55632662427103,1.39763040911163,-7.03700612579702,10.3495,-12.5753,3.4511,0.6217,6.4735,8.8333,25.1157,8.1026,-0.0781,-6.3095
0,19253100,106.68234007244,-3595.69855226288,59.9283092043814,2964.84535275246,49.414089212541,0.54611621501395,4.76789133622213,2.60382277013544,56.8820696445248,2.54219702024119,1.38833501451386,-7.70158305116902,10.3616,-13.9069,1.7192,0.5991,6.4842,8.8331,25.3894,9.9196,3.8349,-6.3057
0,19990386,111.841135997901,-3427.35351261833,57.1225585436389,3450.43603158176,57.5072671930294,0.543952563893551,5.01833244269215,2.72973479867258,56.7433746581216,2.54608570821411,1.38494984887579,-6.11305977141713,8.9665,-15.14,1.572,0.5291,6.4655,8.8328,34.5092,9.6149,0.3635,-6.3042
0,19415348,103.05990325339,-3604.25236143573,60.0708726905954,2733.52594077804,45.558765679634,0.549884000595748,4.57443555295509,2.51540892232636,56.4070630513236,2.50369412850451,1.37674134365014,-8.31987565898624,10.4272,-12.5117,6.0877,0.4406,0.0816,8.833,24.523,11.0835,0.4344,-6.3024
0,19524347,111.105887543766,-3474.3910639135,57.9065177318917,3358.18359503777,55.9697265839629,0.547958699171165,4.94889380853082,2.71178941365878,57.534924596908,2.56272856827471,1.40426941260059,-6.41291416889499,11.202,-14.5268,2.9318,0.5078,6.4995,10.0812,27.5384,9.3505,9.064,-6.302
0,19536822,109.51801347852,-3512.99611782039,58.5499352970065,3221.93053759436,53.6988422932393,0.546121716160937,4.89457490156233,2.67303364511947,57.0975309802435,2.55180068739915,1.39359377070308,-6.85185901169695,10.3699,-11.4327,2.1005,0.4689,6.4623,8.8327,27.2155,9.3349,3.6944,-19.8411
0,19405714,108.327214933488,-3522.51483702855,58.7085806171424,3139.18239605248,52.3197066008746,0.545423620608292,4.84755229265229,2.64396952254644,56.8301784142553,2.54310296662763,1.38706842763773,-7.0955592226512,10.3742,-18.3057,4.0942,0.5053,6.5158,3.3804,25.7356,-0.8478,-0.0829,-6.3028
0,19717375,104.155816951098,-3531.19321424209,58.8532202373681,2873.97946575753,47.8996577626255,0.54670263728276,4.64998152425011,2.54215716262365,56.3034334429805,2.51363709608872,1.37421202960348,-7.76255151821233,10.4044,-14.4782,4.0593,0.5499,6.4612,8.8335,23.1827,9.4098,-0.0706,-6.3023
0,19693088,109.500124048972,-3413.72431581878,56.8954052636463,3320.10221010963,55.3350368351604,0.545058794542202,4.90331878536524,2.67259702640731,56.9993128907725,2.55237885872386,1.39119654395103,-6.34149405751848,10.4257,-16.1068,1.6686,0.4656,6.5187,1.3829,24.122,8.6539,-5.2155,-6.3052
0,19276134,104.099764023378,-3647.28423562642,60.7880705937737,2754.4414099994,45.9073568333234,0.545493135102036,4.65778396022204,2.5407891750895,56.7584827025713,2.53957108182499,1.38531859123918,-8.37991336793271,10.3424,-14.4228,3.8091,0.6447,3.9664,0.1464,24.8576,7.0529,8.7863,-6.3074
0,19735231,104.758567103452,-3596.11185686472,59.935197614412,2846.12758447133,47.4354597411888,0.545993789488277,4.68296290612605,2.55686866314879,56.6619264260844,2.53292601244688,1.3829618720293,-8.00847837479265,10.3675,-12.9139,4.2501,0.5672,6.4887,8.8336,26.7088,-2.3073,-0.2806,15.954
0,19466724,110.945342956804,-3418.60881614417,56.9768136024028,3404.09298277458,56.734883046243,0.552098862393553,4.90468479767713,2.7078708971965,57.5372918367515,2.54361537898082,1.40432715710206,-6.14266316723151,13.4063,-17.0017,2.1786,0.5303,6.4928,8.8332,22.5189,11.1505,3.4589,-6.3015
0,19956413,109.262039644526,-3366.63524595957,56.1105874326595,3352.55002643609,55.8758337739349,0.546773101974621,4.87731759858978,2.66678607269634,56.3346404196862,2.51470624219605,1.37497373260048,-6.16056837976762,10.4095,-18.4087,3.2566,0.5901,6.4792,8.8332,25.469,10.7409,0.4056,-6.3022
0,20233134,105.418670422369,-3611.29280562338,60.1882134270564,2871.54039099269,47.8590065165449,0.547309413795422,4.70114344364998,2.57298006231227,56.785900314295,2.53236605892216,1.38598778322411,-7.97897857603647,10.4516,-14.5212,6.919,0.6301,6.523,8.8333,25.2425,10.8951,-0.2228,6.569
0,19725171,108.881572915863,-3509.91628601298,58.4986047668829,3185.87178047123,53.0978630078538,0.546573860432838,4.86210598163535,2.65750003621603,57.1127648467076,2.55037016964744,1.39396566915695,-6.92709121550473,10.4517,-14.3138,2.9303,0.4534,6.4709,8.8335,23.7923,6.9448,0.1013,-6.3108
0,19621863,110.117312968952,-3389.6922415856,56.4948706930933,3382.08897304264,56.3681495507107,0.546661978805484,4.91649529632919,2.68766104747917,56.699759728679,2.53151929059188,1.38388534477921,-6.14887993812161,10.4219,-23.4989,1.3645,0.6133,6.4894,8.8337,24.359,8.9942,-0.3551,-6.3098
0,20519448,102.238560901297,-3786.49677874059,63.1082796456765,2500.7722024525,41.6795367075417,0.549804383995718,4.53863648694945,2.49536223788773,57.3759638867164,2.54706874661068,1.40038956322503,-9.36328789632097,10.4656,-13.9213,1.8224,0.5464,0.3401,8.8327,26.7527,6.7612,-0.0294,9.142
0,19834694,108.343810711918,-3399.82434291963,56.6637390486606,3262.89346519712,54.3815577532853,0.548994865211373,4.8167566500705,2.64437466786144,56.1671259739975,2.49708198163681,1.37088518593045,-6.47115469244383,10.4684,-11.918,12.6583,0.6407,5.6369,8.8335,26.245,7.1996,-0.2113,-6.3019
0,21034874,106.721300137278,-3682.93136223706,61.3821893706176,2880.00843337971,48.0001405563285,0.55534418904287,4.6903769996503,2.60477361117613,58.0412990235079,2.55090196258388,1.41662858173901,-8.07853312766006,14.1306,-18.3424,1.0417,1.7707,6.5188,5.8807,26.435,12.9367,0.255,-6.3048
0,20359046,111.504115147623,-3397.14269360545,56.6190448934242,3459.921395157,57.6653565859501,0.546406475533153,4.98074073165237,2.72150898872659,56.8212316457845,2.53812895161875,1.38685009490266,-5.9967080086081,10.4141,-12.684,3.369,0.6281,6.5055,8.8335,42.6962,10.178,7.7217,-6.3022
0,18824451,110.447900780993,-3423.15140507173,57.0525234178621,3368.95965846947,56.1493276411578,0.546210084585719,4.93533477373284,2.69572962421945,57.0878345968601,2.55095455188116,1.39335710155733,-6.26304560445289,10.3655,-15.3741,1.0852,0.6628,6.4749,8.833,22.5372,-0.0114,-0.4493,51.9665
0,19206678,109.485052876655,-3398.79546182637,56.6465910304394,3334.10424633989,55.5684041056648,0.544077539951009,4.91148589476669,2.67222916312874,56.5913889625782,2.53868269094314,1.38124023320455,-6.2847879098934,9.2913,-12.7028,2.3375,0.5619,6.4725,8.8331,36.0707,9.6229,7.1482,-6.3036
0,20405926,111.435876999263,-3458.79837214574,57.6466395357624,3394.06933914681,56.5678223191134,0.54385364326864,5.00105786388308,2.71984353947009,56.964370547625,2.55646674087048,1.39034375091752,-6.32355605008195,9.5521,-14.3876,1.8253,0.5875,6.4987,6.0256,38.0503,9.9592,6.6036,-6.3041
0,19978884,109.802595799,-3398.86893596789,56.6478155994648,3353.55841175294,55.8926401958823,0.543876648065131,4.92755029519848,2.67997953772489,56.6076348145518,2.54034948455629,1.38163676257446,-6.24367364217669,9.0357,-13.4869,2.8685,0.6017,6.4711,8.8332,37.0512,9.6924,7.1236,-6.3031
0,19587476,110.022413001575,-3442.34160736629,57.3723601227714,3323.60363289034,55.3933938815056,0.544784387328407,4.9291879972321,2.68534466309863,56.8415299186264,2.54659554699271,1.38734549484167,-6.42982611991961,9.5824,-14.8069,2.8781,0.6005,6.4871,8.8331,40.1659,10.093,8.5519,-6.3025
0,19009536,109.206331410783,-3476.539567742,57.9423261290333,3239.21986760237,53.9869977933728,0.543658202519321,4.90276116456701,2.66542632211004,57.516421694407,2.58216968709887,1.40381773068805,-6.68155077136071,9.0436,-14.3752,2.6464,0.554,6.4956,8.833,18.708,9.9777,3.9036,70.751
0,19985179,114.659440020842,-3412.85296748974,56.8808827914957,3638.25117843006,60.637519640501,0.556107798255088,5.03233688909727,2.79852178747374,58.0061905445564,2.54585834729628,1.41577168018427,-5.61234985679597,14.9687,-13.0987,10.1883,0.5779,6.4862,8.8335,17.5546,9.7213,3.8309,-6.3032
0,19864327,109.587308285571,-3433.51012093496,57.2251686822494,3305.67789229906,55.0946315383177,0.545421670201633,4.9039581067746,2.67472502119584,56.7988381269345,2.54170968377214,1.38630354089066,-6.44747655327083,10.2273,-13.6638,3.172,0.6189,6.4665,4.9243,39.2849,9.9828,0.6451,-6.3036
0,19982606,107.229498364606,-3470.03449776894,57.8339082961491,3124.15748804698,52.0692914674497,0.548615236058846,4.77051508499157,2.61717725947493,56.8629070475993,2.52976429046304,1.38786723338562,-6.95652646682262,10.9663,-13.2849,1.7814,0.5578,3.3361,8.8334,40.6704,-0.8083,-3.3388,-6.304
0,20696415,111.728426931406,-3427.06563148886,57.1177605248144,3443.7927488585,57.3965458143084,0.537087132453822,5.07735821531586,2.72698376430485,56.4091875963071,2.56344477343479,1.37679320256783,-6.14661456865668,5.3729,-13.9839,2.062,0.5386,6.4977,8.8331,43.3628,9.7908,5.6402,-6.3032
0,19511018,106.638351174546,-3597.17966103048,59.952994350508,2960.65909994916,49.3443183324861,0.546951589189134,4.75864598660166,2.60274898476027,56.7416558796843,2.5320482739182,1.38490782732316,-7.72825086740623,10.7939,-12.6958,2.3228,0.6114,6.4975,8.8333,41.7671,9.8895,7.2329,-6.3038
0,19526082,102.174794347748,-3654.4139896817,60.9068998280284,2628.93359951773,43.8155599919621,0.547435740134414,4.55543128626556,2.49380589782825,56.3585865091475,2.51272997290973,1.37555819247776,-8.74058426751706,9.4705,-14.0668,7.5826,1.734,6.4969,8.8335,39.073,4.3557,6.8329,68.2809
0,20298401,103.261428611373,-3422.04544164196,57.0340906940326,2928.12587668042,48.8020979446736,0.540881073489021,4.6596706178706,2.5203276458991,55.3527047431148,2.49779007882863,1.35100737918706,-7.35219235291127,5.2027,-14.118,2.4599,0.5358,2.1,8.833,41.7,10.1319,-14.1299,-6.3026
0,19996516,110.667362604127,-3394.49405294937,56.5749008824896,3411.11304869118,56.851884144853,0.545262037220364,4.95373954881905,2.70108611824816,56.8901707620919,2.54654201755355,1.38853268835851,-6.09118605828969,10.2515,-28.1119,1.743,0.3574,6.4744,3.3649,34.6548,9.7971,-8.4027,-6.3036
0,19947408,108.781598589037,-3289.58838656896,54.8264731094827,3400.05165241533,56.6675275402555,0.544455768811576,4.87653900792644,2.65505979470023,55.8761678811961,2.50485666528494,1.36378366146052,-5.83704843985828,8.1702,-14.5856,6.753,0.5803,6.5004,8.8331,38.4822,9.6914,-8.1319,-6.3024
0,19504202,102.926008471787,-3662.70210877565,61.0450351462607,2666.84219151467,44.4473698585778,0.549286726064245,4.57346022164386,2.51214099193181,56.7698951260727,2.52253887040762,1.385597117496,-8.63015507895272,10.3435,-14.1781,2.953,0.6154,0.4888,8.833,35.9144,9.9203,7.5445,-6.3032
0,19511074,107.963598727474,-3449.12027248478,57.4853378747463,3190.21599548703,53.1702665914505,0.545801449385442,4.82793653216961,2.6350947567991,56.3619683766325,2.52040511207309,1.37564076320797,-6.77491688628734,9.3752,-16.3662,1.9805,0.5818,3.7687,8.8334,37.6136,9.7165,3.3361,-6.3024
0,20209610,109.186832593123,-3402.60043077478,56.7100071795797,3311.95990405052,55.1993317341753,0.548732060416678,4.85656067591275,2.66495054623222,56.857442493058,2.5289827792124,1.38773393119552,-6.32880556857646,10.3448,-13.439,2.2397,0.5731,4.4697,8.8332,40.4746,8.436,-11.3023,-6.3028
0,18904141,106.116375644389,-3597.72514660876,59.9620857768126,2928.0141742891,48.8002362381517,0.544318340157757,4.75826159467706,2.59000905325102,56.8392240373671,2.54867257919348,1.38728922791218,-7.80072105075075,9.3767,-14.6813,2.4455,0.5622,6.4843,8.8335,34.8045,9.6244,6.6397,-6.3023
0,19483262,110.046227210206,-3476.75764075437,57.9459606792395,3290.65207957634,54.8442013262723,0.544571292898303,4.93218439355896,2.68592603201323,56.9391858658305,2.55196903182298,1.38972907509627,-6.6017458881801,9.5244,-13.6409,1.82,0.5855,6.4849,8.8334,36.3616,9.6176,5.0417,-6.3034
0,19707280,100.137917799839,-3633.85774533173,60.5642957555289,2524.22995537462,42.0704992562437,0.547583670977936,4.46341157186741,2.44409129360855,56.008165569913,2.49643191926063,1.36700535469523,-8.95695034465991,9.374,-13.414,2.028,1.5571,5.0318,10.6118,48.5565,9.9535,0.9349,-6.3028
0,19636750,106.050893727335,-3508.61004113082,58.476834018847,3013.10239967117,50.2183733278528,0.543661303165805,4.76107231021726,2.58841077663935,56.2466249485276,2.52514843744862,1.37282549019041,-7.37230206442306,8.2031,-12.9433,2.6321,0.5945,4.0034,8.8331,34.6635,9.7752,7.2586,-6.3031
0,19053297,103.094585827499,-3603.20924759868,60.0534874599779,2736.70189637719,45.6116982729531,0.549308480600057,4.58076932612643,2.51625543851386,56.3856679398764,2.50536665974209,1.37621915320897,-8.31019176360441,10.6456,-14.6688,1.6873,0.6036,0.9439,8.8335,38.7205,12.2208,7.0985,-6.3032
0,19671766,105.804857960227,-3499.56965743093,58.3261609571822,3007.01255233916,50.1168758723194,0.546038748862288,4.72934521422712,2.58240574371443,56.0906981657378,2.50718426400146,1.36901975868258,-7.36494891548004,9.1906,-13.3967,12.4003,0.5989,6.4839,8.8331,41.1876,10.0755,3.2228,-6.3036
0,20825440,108.755381508411,-3414.05724910594,56.9009541517656,3273.9705426368,54.5661757106134,0.544255927144668,4.8771539598451,2.65441995024278,56.5172632564492,2.53452648014003,1.37943105932132,-6.46931792329281,9.4328,-14.2645,1.9528,0.5791,6.4918,8.833,41.2327,13.8942,6.5141,-6.3023
0,19460240,110.72448960087,-3314.20779866846,55.2367966444743,3494.91238836227,58.2485398060378,0.537475213368539,5.0281025740466,2.7024805038246,55.5544953216871,2.52278156290223,1.35593255880309,-5.73182778479216,5.8585,-13.5902,-4.6771,0.5693,6.4872,8.8333,39.1828,9.7794,3.9923,-6.3032
0,21158671,109.032394557765,-3342.95813961317,55.7159689935528,3362.1048640617,56.035081067695,0.539106953585726,4.93627666116668,2.66118107285789,55.8110512877817,2.52676088628957,1.36219436384714,-6.09401442796847,5.9442,-13.5995,7.0432,0.879,6.4908,7.1126,33.5002,9.7846,5.5387,-6.3032
0,19511258,111.276800548331,-3454.34017771817,57.5723362953028,3388.74495812769,56.4790826354616,0.554452403105857,4.8984563275461,2.71596088231702,57.729517316899,2.54128010505049,1.40901886121035,-6.27386530130212,14.5042,-13.6744,3.9177,0.5544,6.4945,8.8335,42.2651,14.0769,4.5704,-6.3032
0,19675056,107.975318072681,-3446.29967918597,57.4383279864329,3193.75728237691,53.2292880396152,0.544253576654592,4.84219273656419,2.63538071572595,56.0265571950347,2.5125315039302,1.36745425747135,-6.78135867468941,7.8461,-13.5878,7.7168,0.5546,3.0844,8.8333,34.9775,9.7817,5.1782,-6.3032
0,19400639,114.253685860717,-3457.10317509195,57.6183862515325,3569.04868743835,59.4841447906392,0.552634974172646,5.04604032349459,2.78861836384856,58.0472855511317,2.56367172186893,1.41677465580218,-5.88666002770682,13.4998,-13.1073,6.2791,0.5505,6.4945,8.8334,44.3773,9.7214,5.4364,-6.3032
0,20815145,109.628557264336,-3383.52160569689,56.3920267616148,3358.20305733353,55.9700509555588,0.541991404992699,4.93685291929856,2.67573184997293,55.8134310864063,2.51342083733353,1.36225249096433,-6.23024084225318,7.1356,-13.2017,6.778,0.5453,4.7274,8.8331,34.5755,9.7567,4.8647,-22.6021
0,19443999,105.564870380612,-3435.5233656617,57.2587227610284,3056.30055279561,50.9383425465935,0.540753146816361,4.76474037018243,2.5765483489391,55.6179671374876,2.51035379830426,1.35748171605543,-7.08476054802133,6.641,-13.4941,7.9277,0.5597,5.3819,8.8333,18.9875,9.7382,5.4163,-6.3032
0,19346638,109.32786690223,-3411.3935134076,56.8565585567933,3311.83987617428,55.1973312695713,0.545184520756067,4.89447640084274,2.66839277094533,56.3953809725812,2.52475301227344,1.37645626102373,-6.3859284372914,8.9381,-13.4445,9.9869,0.5678,6.4928,8.8335,39.1303,9.7436,9.7391,-6.3032
0,20014629,102.298447621058,-3428.1335982733,57.1355599712217,2862.81818041051,47.7136363401752,0.542245007868798,4.60460490196097,2.49682402129653,55.5715407502736,2.50135749758493,1.35634861596062,-7.50970996828472,5.8009,-13.4963,7.1598,1.6704,6.4884,8.8331,37.2539,9.7286,-10.518,-6.3032
0,19760700,105.305777501389,-3462.11783780161,57.7019639633602,3013.77288863471,50.2295481439118,0.538660460492093,4.77151160643281,2.57022463916447,55.6027617191365,2.51941753992633,1.35711061222857,-7.27031093677035,6.003,-21.2731,5.5313,0.5544,6.4894,8.8332,37.3525,9.7758,5.0524,31.2531
0,19814676,108.129201349955,-3357.19358118623,55.9532263531038,3292.32659608903,54.8721099348171,0.537584986256142,4.90924554589356,2.63913669931721,55.5721686703771,2.52306886682472,1.35636394209527,-6.30915646903058,5.6929,-13.5221,4.1798,0.5479,6.4914,7.0476,27.6554,9.7827,4.4694,-6.3032
0,19592082,110.733761296698,-3405.09950422016,56.7516584036693,3404.59085560121,56.7431809266869,0.554645143292109,4.87285762884362,2.70270681779202,57.1935084686307,2.51680987621261,1.39593637443094,-6.12042938467996,14.2955,-13.4398,8.3604,0.568,6.4953,8.8332,35.477,9.7271,4.4957,-6.3032
0,18977484,104.904932386421,-3680.03452257108,61.333908709518,2771.20580742598,46.1867634570996,0.54721384386913,4.67905036517945,2.5604411359871,56.9920486178912,2.54200312446305,1.39101930086477,-8.41441525023168,11.3712,-13.1846,8.1787,0.5473,6.4967,3.4481,35.3094,9.7215,5.6268,-6.3032
0,19726333,101.155067647362,-3754.06832073384,62.5678053455641,2466.57009106605,41.1095015177675,0.544024428877372,4.53824690030018,2.46891717804031,56.448704991244,2.53252917931446,1.37775774039183,-9.43485735396281,7.6399,-13.6688,-1.0094,2.1273,6.4881,8.8334,25.5702,9.7852,4.5015,-6.3032
0,19969508,109.958974682232,-3360.28947114761,56.0048245191269,3401.75456222676,56.6959093704459,0.547426238153254,4.90257163656317,2.68379634828062,56.3404025797443,2.51196285231129,1.37511437462149,-6.03595718487817,10.5679,-23.6331,4.6363,0.5768,6.4891,8.8332,38.6905,9.7466,-2.2799,-6.3032
0,19891017,107.836453747587,-3460.57114700367,57.6761857833944,3170.94620527615,52.8491034212692,0.550605851101291,4.78017347314833,2.63199148359465,57.1339044462955,2.53263126670358,1.39448159412907,-6.8070502254708,12.1657,-13.8595,10.5987,0.5761,6.4948,8.8333,34.8544,9.7219,4.3799,31.6232
0,19624715,108.143107542936,-3468.30013955123,57.8050023258539,3182.07521384351,53.0345868973918,0.543553630716142,4.85596232230038,2.63947595090716,56.3268408055535,2.52925057269492,1.3747833317792,-6.86506748204856,9.3078,-21.5502,3.9485,0.4376,6.4915,8.8334,19.163,-1.7281,5.5498,-6.3032
0,19620690,105.992763039963,-3602.46426875919,60.0410711459865,2915.67336363052,48.5945560605086,0.554850586126859,4.66250205664687,2.5869919989482,57.3581490898644,2.52312026242886,1.39995475647721,-7.80342047446345,12.8847,-13.1397,4.4652,0.5396,1.8487,8.8333,39.6804,9.7386,-7.1905,-6.3032
0,19542307,104.741426923704,-3608.17154331267,60.1361923885445,2833.01384444989,47.2168974074981,0.548673248154345,4.65933128257652,2.55645042903841,56.6881836358702,2.52172454705483,1.38360279818311,-8.0787939070229,11.0814,-24.0543,9.6421,0.5766,2.9875,2.9736,23.8071,9.7771,4.2652,-6.3032
0,19612355,105.590591013826,-3432.8723467136,57.2145391118933,3060.53328942399,51.0088881570665,0.539720081422637,4.77502368503177,2.57717617208037,55.719569729752,2.51975353698424,1.35996158414611,-7.05542449053492,5.6308,-13.6717,6.835,1.306,6.4905,8.8332,31.794,9.7782,4.3197,-6.3032
0,19474121,108.05868568915,-3446.22182441501,57.4370304069169,3198.96191734155,53.3160319556925,0.547304762825697,4.81891578334078,2.63741555987833,56.7780538040858,2.53203764120328,1.3857962606845,-6.71937109970453,10.5523,-13.3118,5.7028,0.8919,6.4935,8.8332,28.1774,11.6804,5.42,-6.3032
0,19861393,107.028451066968,-3589.78192827368,59.8296988045613,2992.04644026272,49.8674406710453,0.543866796010981,4.8031437869212,2.61227042217288,56.7801226253144,2.54813641129646,1.38584678581073,-7.62847903669137,8.8944,-13.7694,4.2044,0.548,6.4976,8.8334,40.9195,9.7609,4.7031,-6.3032
0,19804345,112.13841689365,-3466.19744125602,57.769957354267,3429.87370763478,57.1645617939129,0.553434240819424,4.94546672994135,2.73699062518281,57.6020448220732,2.54033367096949,1.40590763662102,-6.23356845042087,14.0001,-13.3154,2.8987,0.5541,6.4919,10.1615,18.9909,10.4362,5.2059,-6.3032
0,19395583,107.734508091279,-3556.20266591979,59.2700444319965,3069.04542985816,51.1507571643027,0.545262186949438,4.82245675712287,2.62950331785791,56.7173421868718,2.53880520662322,1.384314479202,-7.36741732198641,11.271,-14.634,-4.0304,0.5653,6.4938,0.6104,43.8578,9.7607,4.1379,-6.3032
0,18976613,115.120650430789,-3360.59065094265,56.0098441823776,3718.87611939893,61.9812686566489,0.537930458286923,5.22331209994899,2.80977867170119,57.117894363562,2.59158185465749,1.39409081476398,-5.32738754889593,6.6411,-6.5189,-3.7368,0.0425,6.4878,8.8334,44.3688,5.915,5.0482,-6.3032
0,19949348,104.896414430346,-3472.22019134526,57.870336522421,2978.49631788846,49.641605298141,0.538303936156911,4.75611066281855,2.56023309059308,55.6102817228826,2.52142702208542,1.35729409072098,-7.37822296100406,6.044,-13.3159,1.8771,0.5625,6.9469,8.8333,42.119,9.7492,4.3281,-6.3032
0,19023681,104.857257034763,-3526.87459287582,58.7812432145971,2921.4338906926,48.6905648448767,0.540932684249844,4.73123085442394,2.55927740588923,56.0298867412082,2.52810665104465,1.36753551681947,-7.66120796921528,6.8425,-13.1907,-0.3456,0.5554,4.0307,8.8333,42.3242,5.9365,4.4824,49.7893
0,18472779,99.5994984437852,-3666.20738910906,61.103456485151,2458.76964096236,40.9794940160394,0.547650834981604,4.43886848564056,2.43095003253458,56.0192535468183,2.49661999350756,1.36727602407618,-9.22833965347138,10.7249,-13.2075,4.7514,0.552,5.9475,8.8333,42.3983,8.6797,9.338,74.7886
0,19364655,110.171830278876,-3373.93520152426,56.2322533587376,3401.19861302911,56.6866435504852,0.549040024627093,4.89762391149409,2.68899155298096,56.7335264134152,2.52205554579953,1.38470943897667,-6.05522403504195,11.8623,-13.2353,2.8161,0.5584,6.489,8.8333,42.5424,9.7269,5.1941,-6.3032
0,19518381,113.714582482405,-3446.56760980057,57.4427934966762,3546.43151741898,59.107191956983,0.547522358194245,5.06912711913505,2.77546043425522,57.5267509575689,2.56440649025696,1.40406988891412,-5.9317401300003,11.0008,-13.3243,5.4509,0.5566,6.4888,8.8334,20.9195,9.7761,5.3858,-7.839
0,20697856,109.595183688799,-3378.45857395525,56.3076428992543,3361.21374557177,56.0202290928629,0.538699768687837,4.96550659523627,2.67491725427171,56.1040068845516,2.54194396895649,1.3693446280943,-6.1908186563912,6.3197,-13.3944,-1.3752,0.568,6.4888,8.8333,43.6725,9.7572,5.3435,-6.3032
0,19286029,105.935324336524,-3546.46024555876,59.1076707593127,2968.14513270617,49.4690855451028,0.549461112423732,4.70568345562642,2.58559006624244,56.8868771976502,2.52693460418228,1.38845229863602,-7.54810917656605,11.9485,-5.5998,3.3756,0.5675,6.4898,8.8334,16.5558,9.7647,4.0172,-6.3032
0,20062347,101.859756210064,-3530.43208687419,58.8405347812365,2733.54189716597,45.5590316194329,0.540199631408618,4.60221831319745,2.48611663645125,55.5206632707658,2.50852959768169,1.35510676404526,-8.15292254088028,6.057,-13.2559,1.1526,1.479,6.4872,8.8334,39.8017,9.7598,4.4772,-6.3032
0,20316380,108.527599029818,-3470.26937272704,57.837822878784,3203.75069336413,53.3958448894022,0.543182753388366,4.87655475556122,2.64886043917488,56.5149119656513,2.53942835896056,1.3793736880527,-6.80205568309223,9.0204,-13.1855,3.4173,0.5605,6.4943,5.8782,41.995,9.7608,5.1436,-6.3032
0,18997839,113.409483215122,-3494.28075018393,58.2380125030655,3479.9559732766,57.9992662212766,0.545579503109731,5.0735298031011,2.76801386898831,57.5921909831416,2.57646617456675,1.40566713529916,-6.21032151078307,10.3702,-13.5492,-2.3103,0.5625,6.4882,8.8334,40.0135,9.735,5.4041,-6.3032
0,19463357,103.680918512106,-3622.8236235229,60.3803937253817,2753.14467215864,45.8857445359774,0.545871163920895,4.63583082121889,2.53056636611911,56.5715344939091,2.52945350961459,1.38075573137711,-8.31274095633338,10.5136,-22.917,-3.1568,0.5661,6.4911,8.8333,42.5435,9.778,4.6699,-6.3032
0,19703041,105.560471191954,-3644.34465028435,60.7390775047391,2847.20873539013,47.4534789231689,0.55459363255214,4.64563741366826,2.57644092876641,57.7087335006996,2.53971821477334,1.40851155038998,-8.06518349822892,14.209,-13.526,-3.1674,1.2523,6.4939,8.8333,39.2382,9.7793,4.2336,-6.3032
0,19758693,109.454084335705,-3284.86646013706,54.7477743356177,3446.12880468422,57.4354800780704,0.541799765035844,4.93073944341245,2.67147347189383,55.8543063497341,2.51615125259641,1.36325015745138,-5.72242590933854,6.9746,-13.5162,0.749,0.5667,6.4889,8.8334,39.7528,9.7519,-11.331,-6.3032
0,20022777,109.63929646531,-3356.7146920751,55.9452448679184,3385.67038953491,56.4278398255818,0.544159807103678,4.91766173966931,2.67599386365959,56.3482770509879,2.52739460287949,1.37530655957778,-6.05415718764599,8.3287,-13.1197,2.3456,0.5595,6.4914,8.8333,40.7778,9.7526,-11.8904,-23.3067
0,19993254,109.048681499534,-3443.18561091501,57.3864268485835,3262.87897555679,54.3813162592798,0.549933660949912,4.83981756651001,2.66157859268054,56.7645646894843,2.51933479214633,1.38546700540352,-6.56792443231057,11.6691,-13.472,13.763,0.5674,6.4898,8.8333,42.0424,9.7462,5.3696,-6.3032
0,20120400,98.7169265657306,-3809.85614505454,63.4976024175757,2260.84618921083,37.6807698201805,0.547054610669072,4.4043295382399,2.40940878080012,55.9883775027585,2.49796335250909,1.36652236927247,-8.56955220080586,8.7881,-13.3519,3.7497,2.3057,6.4941,8.8333,41.2484,9.7384,4.7589,-6.3032
0,19101339,111.678751494282,-3393.56921841838,56.5594869736397,3474.23431811857,57.9039053019761,0.543766275052401,5.01276293694604,2.72577142994388,56.671171669997,2.54371709156519,1.38318756766753,-5.96613642147532,9.5087,-13.5761,-3.0383,0.5518,6.4905,8.8334,43.9627,9.7239,5.0314,-6.3032
0,19099206,101.417689774756,-3665.94123935561,61.0990206559268,2570.84739933307,42.8474566555511,0.547445942261553,4.52159164880005,2.47532700069931,56.4171328501785,2.51529331136575,1.37698711690481,-8.90580712323549,10.5887,-28.9205,-0.6822,0.562,3.8742,8.8334,42.1639,9.7535,5.2368,-6.3032
0,20411037,110.037168734028,-3196.55352405143,53.2758920675239,3570.29913565759,59.5049855942932,0.546910980722285,4.91067991292159,2.68570476718917,56.1465267088528,2.50567716401283,1.37038235514369,-5.15889150165263,8.9581,-13.1282,13.5784,0.5557,6.7223,8.8333,42.8053,9.7577,-11.7403,-6.3032
0,19559699,108.567821194942,-3350.92650188402,55.8487750314003,3325.5670690072,55.4261178167868,0.538597547374733,4.91989279006053,2.64984219007324,55.9029658838574,2.53331600254867,1.36443778569788,-6.19325253568977,6.1993,-19.3547,-0.4268,0.5667,6.4921,8.8334,39.7214,9.7409,4.3546,-6.3032
0,19424734,110.453126300082,-3352.17070411424,55.8695117352373,3440.26170827807,57.3376951379678,0.546470238827775,4.9332188342163,2.69585727452386,56.6402041047635,2.52974751393041,1.38243172811152,-5.9063679349727,10.7247,-13.3294,-0.6042,0.5591,6.4879,8.8333,41.5649,9.7466,8.6007,-22.7937
0,19402655,101.795460275646,-3560.0544145955,59.3342402432583,2699.96562261169,44.9994270435282,0.541291409043821,4.59003663281564,2.48454739653954,55.7500391694708,2.51381271203897,1.36070522497185,-8.31253868266365,7.9956,-8.6864,-0.3571,0.3797,6.4883,8.8334,36.6201,8.6094,5.1941,-6.737
0,19372822,106.749941413468,-3305.37180767441,55.0895301279068,3259.32931366703,54.3221552277838,0.541227395697064,4.81400730173099,2.60547263478251,55.6253774935463,2.50848824711102,1.35766256112059,-6.20983495592807,6.8265,-7.4645,3.9294,0.3964,6.4888,8.8334,24.3268,8.904,-7.5762,23.2033
0,19677529,111.167935907648,-3405.51226422058,56.7585377370097,3430.8781248244,57.1813020804067,0.543967717052978,4.98798686843547,2.71330382951308,56.6317554385551,2.54100654255765,1.38222552797177,-6.0987879476981,9.4252,-7.7999,3.813,0.1914,6.4886,8.8334,40.3293,6.0989,5.2665,-7.6132
0,19471694,111.705093134139,-3381.83308341091,56.3638847235151,3487.59036026993,58.1265060044989,0.545550497061982,4.99754729837663,2.72641441272013,56.9953791809936,2.54990256266904,1.39110061052372,-5.88390994511916,10.4719,-9.3309,1.5508,0.1872,6.488,8.8334,31.89,6.1001,5.27,-7.7383
0,19612135,110.735780602304,-3390.39887349872,56.5066478916454,3419.41566566737,56.9902610944562,0.539527441257239,5.00948784857547,2.70275616095115,56.179933218362,2.54147928754756,1.37119781701881,-6.10135762169866,6.8946,-7.0451,1.343,0.3451,6.5199,8.8334,30.3747,9.1286,5.308,-6.9999
0,19800395,108.081120725108,-3366.02439775083,56.1004066291804,3280.53901039022,54.6756501731704,0.54402217840815,4.84899927088905,2.63796314644859,56.5536159143547,2.53724647278884,1.38031835328498,-6.2994054480859,9.1298,-7.8621,-1.24,0.215,5.7427,8.8334,40.0994,8.4161,-4.4407,21.8112
0,18978896,103.853229626167,-3632.15856916537,60.5359761527561,2754.40618164034,45.9067696940056,0.547160232691221,4.63259513884959,2.53477183413716,56.4568380617804,2.51837785402799,1.37795621261437,-8.34884628717336,10.1525,-8.1449,0.9199,0.0854,1.496,8.8334,20.9588,7.3984,5.2021,-7.0334
0,20764861,107.428729786185,-3646.49980499703,60.7749967499505,2959.94412886991,49.3324021478318,0.542430346511831,4.83387405763483,2.62203998007741,56.9077099272146,2.56062510693434,1.38896076404129,-7.86886459296868,7.9719,-9.9952,1.8456,0.1587,4.1519,8.8334,35.3622,8.662,5.2591,-6.9866
0,19299366,112.014178699543,-3550.56914397299,59.1761523995498,3337.8618451072,55.6310307517867,0.545203674749667,5.01456298082955,2.73395816441192,57.7559132850637,2.5855714700202,1.40966306678291,-6.67612172949442,9.8979,-10.15,3.3143,0.5287,6.4879,8.8334,22.2841,9.01,7.164,-7.0965
0,19654022,109.614549104382,-3392.99769747607,56.5499616246011,3347.86551886744,55.7977586477906,0.53970982928507,4.95708954474004,2.67538995194245,56.5364705571693,2.55674405802253,1.37989989908096,-6.24161179427309,7.0294,-11.4607,2.7798,0.0495,6.4878,9.477,29.7801,6.192,5.0582,-6.971
0,20231948,111.299628099195,-3413.73712068411,56.8956186780685,3430.75181966755,57.1791969944592,0.541772209290482,5.01413329410712,2.71651807242537,56.9280582757999,2.56465252619854,1.389457465181,-6.1027214429144,7.9101,-13.205,-3.7039,0.3836,6.4887,8.8334,34.0591,7.2812,-5.3501,23.4869
0,19875498,104.096108817442,-3462.72952568901,57.7121587614835,2938.77133916228,48.9795223193714,0.540251692263286,4.70280799654636,2.54069997852348,55.7168611458461,2.51715172753167,1.35989548048244,-7.43318670600024,6.7066,-10.6019,0.9149,0.1353,6.4883,8.8334,33.637,8.5971,-8.6188,-7.1394
0,19684040,112.506302094393,-3349.35867673455,55.8226446122424,3569.33596363425,59.4889327272374,0.542060169330036,5.06580223304173,2.74596961623507,56.8422049488796,2.55942434690865,1.38736199487272,-5.61242751573589,8.0725,-12.9274,-0.7895,0.3137,6.4886,8.8334,31.5968,8.268,-3.1207,-6.7496
0,19554362,107.951574923224,-3469.53672708965,57.8256121181609,3169.06012425866,52.8176687376444,0.540573459351596,4.87408534383928,2.63480117549411,56.2862729833261,2.54136262859047,1.37379318760401,-6.89759934258634,8.4234,-8.4916,-0.3426,0.4541,6.4887,2.5046,37.6625,7.3019,5.3138,-6.7738
0,19614646,108.521138893933,-3406.13929666329,56.7689882777215,3267.48349650453,54.4580582750755,0.542022961572233,4.88669846359565,2.64870277354859,56.175227466351,2.52956613384106,1.37108292735735,-6.48029235813623,8.1705,-9.6864,-2.0571,0.4277,6.4882,8.8334,27.7358,6.2622,-2.5858,-6.4841
0,19709661,105.421297909561,-3663.46929760612,61.0578216267687,2819.52547912779,46.9920913187965,0.54669948662585,4.7065056437901,2.57304421926171,56.8728151125887,2.53907161658417,1.38810914929283,-8.25707705697555,10.5363,-13.0763,8.1764,0.3583,6.4884,8.8334,18.1896,5.9752,5.3648,-7.2445
0,19222418,112.245714548948,-3551.33769968171,59.1889616613619,3351.33183257796,55.855530542966,0.540896376679731,5.06494332044775,2.73960949011839,57.2771263837074,2.58455656732527,1.39797728259004,-6.68055646255907,7.6909,-7.363,2.6679,0.2457,6.4879,8.8334,24.2065,1.7409,5.2507,-7.2397
0,19320924,102.452696741059,-3669.44166181529,61.1573610302548,2630.99583046827,43.8499305078045,0.544771984742472,4.59015681321913,2.50058883741657,56.1326313435143,2.51489310092596,1.37004330600659,-8.78881990484329,7.5686,-12.8416,5.3501,2.0488,6.4885,8.8334,36.1982,9.0622,9.131,-7.3521
0,19096577,105.575145591678,-3520.03431320312,58.6672385533853,2972.42149028112,49.5403581713519,0.548166742548127,4.70075789684226,2.5767991438194,56.4425257692639,2.51311657910235,1.37760692881023,-7.48797282783984,11.0403,-11.2972,3.811,0.944,6.4886,8.8334,30.1952,6.7592,5.2302,2.8979
0,19329008,111.323940816497,-3383.80861177383,56.3968101962306,3462.1754649725,57.7029244162083,0.544384403932027,4.99116325050851,2.71711143105552,57.0546164798602,2.55802034097535,1.39254637856787,-5.94030907155109,10.0498,-12.0674,-3.3834,0.2903,6.4882,8.8334,32.5632,6.2264,5.1611,-6.7265
0,19285124,103.517528172684,-3602.98269585781,60.0497115976302,2762.93773721866,46.0489622869777,0.543590438390527,4.64794475137649,2.52657832501569,56.381545735452,2.53153561721868,1.37611855596514,-8.24470015327655,9.4926,-11.564,-3.23,0.5503,6.4885,8.8334,21.9308,7.7317,5.2081,-6.7734
0,19835006,104.933067292054,-3547.98121942522,59.1330203237537,2904.98929650083,48.4164882750139,0.544737827620726,4.70157890545537,2.56112787934519,56.3843738441413,2.52633025512444,1.376187655029,-7.736990322646,9.9201,-10.3974,-0.5257,0.4444,6.488,8.8334,24.7253,6.9106,5.2129,-7.2285
0,19410816,107.141403886822,-3502.05022519191,58.3675037531985,3086.72429706914,51.4454049511524,0.538428862203942,4.85677373372837,2.61502715543336,56.1610497309197,2.54580863509939,1.37073684678553,-7.19236759012034,7.2224,-8.1284,-1.3429,0.4103,6.488,0.9639,29.9429,5.4393,1.9966,-7.5539
0,19354644,114.198246400796,-3424.5570915621,57.075951526035,3598.1854624488,59.9697577074801,0.542493309639618,5.13787955363863,2.78726528358314,57.4385256498875,2.58420979155813,1.40191652262548,-5.75759995044268,8.4592,-13.1464,1.6284,0.4232,6.4882,8.8334,43.0353,7.7214,8.591,-0.571
0,13546465,0,0,0,0,0,0.538170758389399,0,0,0,0,0,0,5.9196,-13.096,-0.3083,0.3219,3.4404,3.1514,33.0887,7.8318,-0.3149,-5.0553
0,19184419,110.542599044393,-3551.62081510029,59.1936802516715,3246.31381881205,54.1052303135341,0.551530093805528,4.8919199928084,2.69804109252276,57.7616457362784,2.5561670526793,1.40980305434681,-6.88384472208968,13.9008,-13.0694,-0.1498,0.3541,6.4884,5.0511,33.6092,8.1348,7.3342,-3.7629
0,20579540,110.337466901805,-3460.00108801314,57.666684800219,3325.31872673731,55.4219787789551,0.541744703555547,4.97103955571448,2.69303435047344,56.9904946328528,2.56759567782873,1.39098135933583,-6.47403306219447,8.1387,-13.128,0.4975,0.3335,6.4883,8.8334,35.3526,8.1227,3.0344,32.3308
0,19360139,109.95412542092,-3353.34639026512,55.8891065044188,3408.3994326301,56.8066572105016,0.541791413294509,4.95334169253862,2.68367799613112,56.2802181444395,2.53537691226074,1.37364544052801,-6.00213783944566,8.4314,-12.9678,1.3488,0.0328,6.4882,8.8334,35.5061,7.8385,3.6534,-6.1353
0,20003281,111.301555139194,-3516.85924311465,58.6143207185776,3327.74820261021,55.4624700435035,0.54210472862063,5.01114452673302,2.71656514374336,57.1448811190281,2.57284148359204,1.39474953424656,-6.6314230211646,8.2424,-13.1223,1.5468,0.4026,6.4886,8.8334,38.2905,8.2446,7.4968,-1.2374
0,19408247,110.928457719411,-3388.74467946071,56.4790779910118,3432.91874383573,57.2153123972621,0.542047066598121,4.99487763934473,2.70745877242336,56.6013978198114,2.54864317180857,1.38148455508417,-6.04058178024617,8.1927,-7.0539,0.6465,0.3448,6.4883,8.8334,39.0186,8.0184,2.3663,-2.9367
0,19223991,103.540731287831,-3725.99454916193,62.0999091526988,2641.35278414522,44.0225464024203,0.540618568756889,4.67454295005144,2.52714471924941,56.7745454624894,2.56319467646299,1.3857106374347,-8.88682748593001,8.302,-12.9597,-0.5619,0.1696,6.4882,2.3816,31.3418,7.8116,-2.3941,-0.572
0,19303946,104.316117998457,-3584.86884172192,59.7478140286986,2830.16172158344,47.1693620263907,0.544090592672496,4.67949614209663,2.54606982936202,56.4453997217299,2.53207304206667,1.37767712214811,-8.01743226869684,8.0754,-12.9761,-0.3512,1.7208,6.4882,8.8334,38.3671,8.127,4.2568,-2.3684
0,20106357,110.091653790238,-3358.9656929469,55.982761549115,3411.23758321086,56.8539597201809,0.544282582702341,4.93683743798376,2.68703463112741,56.1951724839364,2.51995879616128,1.37156968187814,-6.01495958742101,8.1159,-13.1439,14.1102,0.4102,6.4884,8.8334,33.116,5.6667,-1.7902,-5.7312
0,19469873,110.968905597042,-3362.40160610393,56.0400267683989,3461.74920242315,57.6958200403859,0.541857377047926,4.99844802367432,2.70844593541855,56.5051418200742,2.5451996028833,1.37913518088177,-5.90422862317418,8.2703,-13.102,0.0807,0.3629,6.4883,8.8334,37.7767,7.8913,4.9853,-4.7214
0,19329539,100.815359304456,-3706.67625072519,61.7779375120866,2493.07143542115,41.5511905903524,0.541012400870728,4.54818750652131,2.46062584251334,56.2706309629312,2.5385951356557,1.37341144917984,-9.23696541448265,8.4079,-13.0527,-0.8413,0.3848,6.4886,3.29,39.2869,12.9626,0.6354,-3.3012
0,19343303,112.25105976676,-3441.41595048507,57.3569325080845,3461.58229162588,57.6930381937647,0.552775503472949,4.95633389255516,2.73973996283722,57.8739802913271,2.5553680349298,1.412544852067,-6.07224270003387,13.9576,-12.9942,0.0241,0.3965,6.4883,8.8334,42.9352,7.9964,4.5434,-2.0828
0,19702520,101.651240834773,-3570.99821376713,59.5166368961189,2680.15289561976,44.669214926996,0.546809609586443,4.53727836169979,2.48102740954608,55.3366153714266,2.46999077898701,1.35061469354,-8.42557921575002,8.4222,-13.0108,14.4874,0.3494,2.5434,10.3576,34.7403,7.8568,1.5152,-2.4911
0,19505740,101.614945417217,-3644.63993235908,60.7439988726513,2604.27915174349,43.4046525290582,0.541901136171685,4.57674172554025,2.48014154103462,55.8533966321182,2.51563950391153,1.36322790536804,-8.80676187426306,8.7479,-12.9435,0.7099,0.3437,6.4882,8.8334,39.7611,-2.8338,-1.1602,-2.9377
0,19265167,100.390831410359,-3635.01551552497,60.5835919254161,2538.62537650496,42.3104229417494,0.541761056965227,4.52277662669916,2.45026424569816,55.8962818363181,2.51822196765472,1.36427459486967,-8.93679981157079,8.1565,-26.2008,0.028,0.3221,6.4886,8.8334,36.7559,8.0224,3.2954,-1.7106
0,19751544,109.309551068074,-3388.86419189323,56.4810698648872,3333.24284599765,55.5540474332941,0.54246340340418,4.91820420737291,2.66794579296827,56.2488020186215,2.53082271443405,1.3728787030845,-6.27570458705826,8.1547,-12.9894,1.3737,0.4088,6.4886,8.8334,38.6588,7.7743,-0.8217,-0.9608
0,19682803,102.934182050598,-3380.42110775218,56.3403517958697,2949.62583545553,49.1604305909256,0.543311630259143,4.62412413785412,2.51234042385817,55.6264667300751,2.49891418366388,1.35768913900412,-7.15337309608463,8.3707,-13.0072,-0.0729,0.3757,6.4886,8.8334,35.5155,8.2202,-8.7567,-3.6925
0,20334413,109.313371700836,-3362.96699816297,56.0494499693828,3359.37499360093,55.9895832266822,0.544987879756497,4.89559311933804,2.66803891425853,55.9697692390184,2.50660292436465,1.36606821314093,-6.15079912542506,8.3094,-13.0228,14.4611,0.6045,6.4882,8.8334,36.0135,8.4378,-1.8463,-5.5326
0,19272924,108.622414308916,-3412.14218278781,56.8690363797969,3267.70864967918,54.4618108279863,0.542658244028373,4.88553258778426,2.6511745352304,56.8541903984088,2.5571425723753,1.38765449805538,-6.45675238137279,8.2718,-13.086,0.7415,0.3496,6.4884,8.8334,40.3665,8.0287,-2.1105,39.1217
0,19386293,113.493590559165,-3478.99651352203,57.9832752253672,3500.41248046567,58.3402080077612,0.542113930539227,5.10975001679073,2.7700666656753,57.3194625240006,2.58065784289169,1.39901056658689,-6.1358406975317,8.0792,-13.1262,4.3046,0.3534,6.4886,8.8334,36.1875,8.2525,5.6765,-5.9222
0,19672466,103.853896209185,-3530.53845826268,58.8423076377113,2856.06728477431,47.6011214129051,0.54258887956591,4.67165513023069,2.53478812283021,55.6931555591894,2.50524270522084,1.35931683246644,-7.8476082205963,8.3603,-13.0309,0.1207,0.4005,6.4884,8.8334,34.9365,8.2588,-0.3884,-1.6643
0,19654464,112.268663279679,-3482.18270097122,58.0363783495204,3421.89808787901,57.0316347979835,0.553989406571263,4.94624895851355,2.74016952528065,58.0407726493811,2.55711703410195,1.41661574825541,-6.27022326816421,14.601,-12.9721,1.0856,0.3687,6.4882,8.8334,36.4693,7.8715,7.849,-24.8802
0,19519272,108.002319142228,-3385.0438889885,56.4173981498083,3256.67353204807,54.2778922008012,0.537112087656972,4.90780193316588,2.63603974212965,55.5455246766007,2.5240794415492,1.35571357826253,-6.47458641320328,5.6078,-13.1363,-0.6086,0.3632,6.4885,8.8334,33.1974,7.8469,3.2607,-3.1394
0,19885112,103.881483870469,-3654.60615911289,60.9101026518815,2733.69611648013,45.5616019413356,0.541712696882169,4.68045413909334,2.53546143432156,56.501336182449,2.54570788697239,1.37904228492602,-8.4598450384488,8.1383,-12.9346,-0.2933,0.3611,6.4882,9.2959,35.4971,7.8679,4.2908,-3.7792
0,19534882,114.255565456785,-3446.84493710152,57.4474156183586,3579.42251318704,59.6570418864507,0.551399066486384,5.05743403876664,2.78866440779239,57.96261283792,2.56567012705585,1.4147081129706,-5.83908859673722,13.2174,-23.1455,2.6534,0.3693,6.4884,8.8334,39.088,8.1281,5.7719,-4.8824
0,20628062,110.272884591757,-3443.90729757936,57.398454959656,3337.44095936435,55.6240159894058,0.546478840621245,4.92509089496955,2.69145796223721,56.8789791638723,2.54037194576199,1.38825951566675,-6.40555652426324,10.8234,-12.9944,0.4006,0.3718,6.4886,8.8334,39.9371,8.0384,5.5898,-3.7776
0,19596824,115.258437045814,-3413.56031028126,56.8926718380211,3674.37979441709,61.2396632402848,0.543846141704567,5.17267930729511,2.8131416835475,57.5528078967123,2.58291042386528,1.40470586838764,-5.5641336854436,9.6151,-13.0393,0.3547,0.373,6.9491,8.8334,32.0963,8.2179,4.6869,-2.1549
0,19507707,111.321543270264,-3473.41908369343,57.8903180615571,3372.41755339876,56.2069592233127,0.548497211450762,4.95363130826053,2.71705295913609,57.3166076387012,2.55049771806565,1.39894088617054,-6.39366812902421,11.6202,-13.0173,5.4001,0.3708,6.4884,8.8334,42.3034,8.1983,5.6335,-4.8035
0,19242226,112.944187177656,-3399.38454188156,56.6564090313593,3546.23830714991,59.1039717858318,0.550240674962211,5.00991163734785,2.75665716083532,57.7565524187306,2.56193108584285,1.40967868988084,-5.77283202139173,12.6913,-13.0379,0.9604,0.3676,6.4886,8.8334,32.0913,8.1482,4.8322,-4.7279
0,19909852,100.963462544755,-3549.66429368038,59.1610715613397,2659.19115866038,44.3198526443397,0.537835588506612,4.58177300486537,2.46424058047547,55.2108701997074,2.50549721929368,1.3475455714405,-8.42384940111743,5.099,-13.0731,3.8164,1.0955,6.4885,8.8334,28.1785,8.2315,4.7687,-5.786
0,19478921,111.835379960845,-3426.34753986034,57.1057923310057,3451.08803072235,57.5181338453725,0.547095869271474,4.9892430867827,2.72959428357007,57.1659477448284,2.55030930001869,1.39526368340485,-6.09037857758176,11.0724,-13.1125,2.0399,0.3717,6.4885,8.8334,40.647,7.9692,4.5768,-4.6834
0,19916040,104.597157425857,-3670.8988841478,61.18164806913,2761.41449748764,46.0235749581274,0.549544529816225,4.64553658712625,2.55292921951636,57.0553212940969,2.53403236842121,1.39256362644313,-8.40089773344006,11.3424,-13.0564,3.0301,0.3902,3.0309,8.8334,38.9778,8.105,5.4236,-3.4859
0,19087872,112.986935268002,-3536.39334740337,58.9398891233895,3411.85834088476,56.8643056814127,0.548407642775729,5.02855952185244,2.75770047393654,58.0566667098279,2.5838509868264,1.41700362896921,-6.45866587075235,12.4253,-13.0884,0.1732,0.3786,6.4885,8.8334,37.0467,-1.9916,5.4941,-3.1419
0,19530601,109.975024703038,-3434.47951320598,57.2413252200996,3328.55153325888,55.475858887648,0.544019777907646,4.93398985887785,2.68418806722531,56.6165460570042,2.54008093968841,1.38185426867673,-6.40995649925857,9.2707,-29.3733,3.4113,0.3874,6.4886,8.8334,41.6072,8.0745,5.5569,-3.6324
0,19377206,106.302990529998,-3513.54003307822,58.5590005513037,3023.67536857994,50.3945894763324,0.543862395093392,4.77062566092991,2.59456389804734,56.3281041326483,2.52787148947528,1.37481424275433,-7.35281361535423,8.1689,-25.358,2.7193,1.3296,6.4884,8.8334,36.9524,4.7533,5.0824,-2.3684
0,19334083,106.48100827876,-3510.18585430565,58.5030975717608,3037.97693804368,50.6329489673946,0.543500119559087,4.78179991195534,2.59890882385536,56.281950353384,2.52748381701952,1.37368775673376,-7.31446550268939,8.2029,-13.002,2.5835,1.229,6.4884,7.995,37.2448,8.0158,5.2419,-5.5612
0,19623775,102.531198877943,-3489.50897438533,58.1584829064222,2815.75609025288,46.9292681708813,0.536915846740819,4.66088828178604,2.50250477837951,54.8047969923806,2.49132984772306,1.3376344747009,-7.88046604656853,5.3735,-13.0806,1.4656,0.3915,6.4884,8.8334,40.0462,8.1712,4.5787,-22.6459
0,19212163,103.832365611115,-3611.06499079944,60.184416513324,2774.21670522241,46.2369450870401,0.550092244014418,4.60697769776048,2.53426269988544,57.0614783778647,2.53178242391815,1.39271387492939,-8.19150579781206,12.949,-13.0847,0.6918,0.3812,6.4885,0.4637,38.3285,10.8867,-9.8116,-2.7699
0,19314892,103.995390819249,-3582.24604193718,59.704100698953,2813.06106255302,46.8843510425503,0.547893635605438,4.63272707976737,2.53824168250151,56.5361154275004,2.5185384742778,1.37989120108424,-8.04240076299429,10.5535,-13.0666,4.2061,0.3762,6.4884,8.8334,36.8016,8.2318,-11.7018,-3.529
0,20596106,110.445338054143,-3430.07094995316,57.167849165886,3361.88251597627,56.0313752662712,0.547959649369281,4.91946287770318,2.69566715355143,57.0047055298236,2.53910701573383,1.39132819005259,-6.29621155664684,11.0385,-13.1128,1.7822,0.3685,6.4885,8.8334,38.6138,10.4185,-4.7758,-3.0729
