,Element Count,Downforce,Front Axle Moment,Rear Axle Downforce,Rear Axle Moment,Front Axle Downforce,Frontal Area,Cl,ClA,Drag,Cd,CdA,Center of Pressure,Unnamed: 13,RW 1st Element AOA,RW 1st Element X,RW 1st Element Z,FW 1st Element AOA,FW 1st Element Z,FW 4th Element AOA,FW 4th Element X,FW 4th Element Z,Bullhorn AOA,Bullhorn X
0,19251493.0,104.60168029015271,-3648.2591779102863,60.80431963183811,2784.3323420727925,46.40553903454654,0.5400961098244089,4.7270095765896825,2.553039483418814,56.26587768541948,2.5426870956224987,1.3732954088464364,-8.341967890525087,,7.0182,-22.2927,4.6217,0.7282,6.7709,5.5167,37.9603,0.6069,5.2304,-14.3049
0,20061024.0,92.66119933417204,-3874.692896345565,64.57821493909276,1823.606054637623,30.39343424396038,0.5429188483642735,4.165641348687636,2.2616052037280903,55.41285998054269,2.4911192866339307,1.3524756142373242,-9.371677490788104,,6.803,-23.4966,2.8556,1.1232,0.2687,8.8306,32.2113,-3.5305,6.1503,5.7545
0,19443982.0,100.64015661855252,-3828.740643394935,63.81234405658225,2360.232767343034,39.33721278905057,0.5471352774880713,4.489474212710049,2.456349719146653,56.229315329572174,2.508343286142304,1.3724030998988102,-10.044685258430787,,9.1171,-26.4025,10.0497,2.1,6.6402,9.0872,36.2453,-1.2145,4.8142,24.5104
0,20378525.0,104.61443615884347,-3558.487107301086,59.3081184550181,2874.8888483864903,47.91481413977483,0.5445132808028037,4.689235089794685,2.553350783199733,56.15511140422184,2.517095427137633,1.370591889124447,-7.862124254484292,,9.3586,-18.0393,4.0535,1.1895,6.8613,9.5139,33.9881,-1.4436,6.3219,66.7886
0,19598955.0,109.00022274771986,-3439.872684930844,57.33121141551406,3263.211879086969,54.38686465144948,0.5482439086372256,4.8525772738551565,2.660395931582524,57.41395189304686,2.5560098056243694,1.4013168063505796,-6.52108928359214,,11.2087,-24.8763,3.9829,0.9589,6.622,1.8625,39.0377,13.3021,-10.4556,33.4637
0,19704958.0,108.65939664102594,-3520.99749866834,58.68329164447233,3161.127601623584,52.68546002705973,0.5478581282021582,4.840810184905827,2.6520772068844494,57.10828367728942,2.544191941179397,1.39385623468156,-7.020813323820746,,11.8207,-25.3624,0.3807,0.7266,6.8805,7.235,38.1781,-1.3205,6.158,10.5877
0,19471041.0,100.78319743861094,-3499.361045837194,58.32268409728657,2698.4088121812424,44.97348020302071,0.5413901796374511,4.543563986207452,2.459840922687105,54.57557337629527,2.460406258396389,1.33203978621433,-8.21907160045083,,6.6335,-15.4473,-2.7409,1.0996,6.7187,9.0885,42.29,12.6879,-8.863,18.8786
0,19278025.0,109.30380818789666,-3442.74269923612,57.37904498726866,3279.011174133657,54.65018623556095,0.5454236706187188,4.891253648815751,2.6678055190642884,57.2050829188505,2.559879433264048,1.3962188368322428,-6.506495323610601,,10.2879,-22.3909,6.6975,0.7249,6.8176,10.4589,44.1673,-1.4721,3.7608,21.5439
0,18852788.0,111.03638534932062,-3553.97573065214,59.232928844202334,3274.3248169716007,54.57208028286001,0.5429624074463248,4.991308911941706,2.710093103136165,57.56717611136339,2.587760383733744,1.405056607846299,-6.833700622648227,,8.7636,-14.9401,1.2033,0.898,6.9841,8.4834,32.7186,0.7143,6.4956,-2.0572
0,19341356.0,105.03744225274184,-3651.597686900663,60.85996144834439,2807.7914781824343,46.79652463637391,0.5460436998945766,4.6950002156881006,2.563675288780165,56.57735128197341,2.52891417360263,1.3808976520698155,-8.279475755607185,,10.7833,-13.3485,3.7959,0.7841,6.877,3.538,35.0512,-0.4081,5.1473,15.3972
0,19415508.0,99.75046026192643,-3762.840100283432,62.71400167139053,2371.4204872654905,39.523674787758175,0.5484474010653161,4.439139725734844,2.434634645545075,56.22976235054228,2.502362106034266,1.3724139935788242,-9.766225420402243,,10.1697,-27.4932,4.1587,2.0416,6.4496,9.7703,39.4732,-1.3416,-2.2219,10.6351
0,19581909.0,103.89459532118462,-3583.459572336168,59.7243262056028,2805.649005855964,46.76081676426607,0.541962248913668,4.67888954665092,2.5357815011215847,56.14529648573089,2.528501506826097,1.3703523630210697,-8.100213028955828,,6.9168,-5.089,4.7832,0.9319,3.0647,8.399,36.9398,-1.7637,4.018,-1.7511
0,19749246.0,104.7785686909582,-3505.555194503964,58.4259199083994,2937.914265717253,48.96523776195421,0.5416058746097671,4.721804131948515,2.557356856619988,55.908867954583165,2.5195106882892127,1.3645817899195352,-7.561172828971664,,7.3397,-13.0811,4.1971,1.2362,6.6429,6.7035,35.2696,-1.919,9.4899,4.1233
0,19260631.0,103.55927497964336,-3586.8199205784867,59.78033200964144,2781.6677767683923,46.36112961280654,0.5431410446921195,4.653666414963861,2.527597238272102,56.039045416200864,2.518239178782116,1.3677590583483437,-8.182874252711438,,7.6305,-14.9496,6.3862,1.2129,5.732,6.2644,31.3713,0.4397,4.4854,57.1465
0,19116069.0,109.02615574368214,-3523.1238688940693,58.7187311482345,3181.555472276953,53.025924537949216,0.5466940854997168,4.867491637935813,2.6610288896788377,56.84111357068579,2.5376813766297137,1.3873353994862436,-6.999875483833793,,10.6116,-15.3115,5.1238,1.0639,6.4547,7.2436,36.1112,-2.5352,5.7908,-3.1427
0,19745806.0,110.04276852663862,-3547.567727103158,59.12612878505265,3219.6292978050037,53.66048829675005,0.5486459924715454,4.89540000523006,2.6858415944146548,57.620471673017214,2.563323888576681,1.4063573788741743,-6.934586285515441,,11.9191,-11.7209,0.7674,0.8225,6.7897,10.3806,31.5674,0.0933,4.8355,-11.9537
0,19350474.0,102.91284015994636,-3603.673705334376,60.06122842223961,2725.060795621493,45.41767992702489,0.5492663218099662,4.573044824698662,2.5118195103343357,56.43932527392916,2.5079432649248594,1.377528772433355,-8.340160497889485,,11.1129,-37.8556,2.0194,0.8599,2.9247,8.5662,28.5422,0.3144,6.4055,-14.5887
0,19370589.0,111.22396542144624,-3460.908789366621,57.681813156110366,3378.927194188221,56.315453236470354,0.5513651094063465,4.923545761624268,2.714671347525118,57.58397352752522,2.549066900506884,1.4054665504820747,-6.323993605547177,,12.0515,-17.7195,4.5781,0.8696,5.435,9.1944,21.0741,-2.1111,-9.0806,-3.8766
0,19567906.0,106.03747939038806,-3616.598279044279,60.27663798407132,2904.289232847848,48.404820547464126,0.5410709630809257,4.783260613440995,2.5880834267815787,56.36508119581571,2.5425809290011108,1.3757167119658258,-7.959960520945315,,8.7556,-17.2218,-4.6278,0.8056,6.7084,1.5378,25.077,-1.6117,4.2293,-10.9428
0,19508682.0,110.58142688048476,-3391.9270605530223,56.5321176758837,3408.395332413345,56.80658887355575,0.544453668373636,4.957242050625653,2.698988619479182,56.55194082473177,2.535160442484109,1.3802774028262037,-6.107016101736662,,9.1234,-18.875,2.9697,0.7639,6.6951,8.6862,29.3611,12.957,2.8826,-7.3277
0,19544281.0,95.566984893799,-3858.620004893505,64.31033341489174,2018.3733178999407,33.639555298332354,0.5469621413892635,4.264513403918006,2.3325273833902096,56.35887738680329,2.5149186019929464,1.3755652639657547,-8.879648471931588,,10.2925,-16.3546,3.7601,0.7899,1.5187,0.6184,19.275,9.4401,4.5245,-1.5747
0,19369437.0,109.47289200868528,-3472.564025351809,57.87606708919683,3259.587837311764,54.32646395519606,0.5447520305820379,4.904859880852538,2.6719323798147925,56.69591909185552,2.5402228246572776,1.383791541862892,-6.677123431458863,,9.6582,-16.2772,5.5108,0.8933,6.7054,9.2249,32.6672,-1.6797,5.2839,-7.775
0,19654103.0,107.43029331671153,-3527.7324772900583,58.79554128816764,3078.807607548612,51.3134601258102,0.5546969540946408,4.727046279321944,2.622078173004287,57.53616702774487,2.5316520683150685,1.404299691121766,-7.186510804094357,,13.4158,-14.135,1.7163,1.5555,6.6146,9.0681,22.1773,-1.7514,-11.1044,-20.7216
0,19833930.0,95.56688691633308,-3893.0927547392175,64.88487924565364,1983.8945428258107,33.06490904709685,0.547964450370288,4.256708616189975,2.332524997257009,56.57025979306434,2.5197337702551788,1.3807245304973323,-8.982082665675472,,9.4993,-18.894,3.6898,2.0142,4.2058,8.8036,32.5341,-0.3374,8.1432,-7.4376
0,20347959.0,98.5906989650686,-3809.687727875262,63.4947954645877,2253.25210590873,37.5542017651455,0.5501091475387959,4.37427371276783,2.406327983232075,56.42615576246405,2.5035165837676114,1.3772073737456394,-8.529829260338666,,11.0153,-17.2925,2.5799,0.8438,0.3183,9.0814,25.4934,-1.8038,6.0632,-3.6097
0,19357597.0,108.20489987872662,-3529.990972843466,58.83318288072444,3124.184365925339,52.069739432088994,0.5497518730472063,4.803956888981728,2.6409842977557347,56.88974481753185,2.525725561734246,1.3885223583666089,-7.142922436827509,,12.4634,-16.55,2.2616,0.8817,6.572,8.9302,35.4408,-1.567,4.7034,-9.0134
0,18798122.0,98.45382712580488,-3797.6560120082418,63.29426686680403,2256.866742526816,37.614445708780266,0.5549287024140733,4.330263133281108,2.4029873016631846,57.24005711496356,2.517571092031892,1.3970724593364392,-8.735126412262085,,13.5075,-17.8271,5.4507,0.9368,1.6979,8.9861,36.264,0.0904,4.9348,69.2257
0,20555001.0,108.11856552325038,-3577.0814234265813,59.61802372377636,3071.7846923796706,51.19641153966119,0.546284500101324,4.830591167723663,2.638877081253792,57.18871757614234,2.555114495644588,1.3958194449548504,-7.385792400373726,,10.3574,-13.1108,3.9901,0.8385,6.9309,6.6038,28.0799,0.2746,2.2149,-5.6762
0,19361514.0,104.1977107784538,-3602.494005258193,60.04156675430321,2805.2549801874097,46.75424966979016,0.5455994072597387,4.661258200410787,2.5431797112287216,56.42291409101758,2.524064771029624,1.3771282429589509,-8.14576584039732,,10.1442,-19.5277,4.6844,0.7799,6.6887,9.0568,24.0289,-0.2906,5.5404,-3.4795
0,19366205.0,107.6542976061394,-3511.7866162667883,58.52977693777981,3108.5288504645714,51.80881417440952,0.5477615580673234,4.79687829951511,2.6275455312017293,56.56222073770528,2.520308945043072,1.3805283545478049,-7.148220382885907,,11.3805,-38.6256,2.8276,0.773,6.7846,6.4549,27.4093,-1.1655,9.098,-2.5139
0,19307027.0,102.00844519775066,-3656.678883876724,60.94464806461208,2616.438887516132,43.60731479193553,0.5481427375430927,4.542148491318428,2.4897457083585115,56.68637454911602,2.524084453374809,1.3835585620628286,-8.748335076586939,,11.9052,-17.709,-2.6755,0.7683,6.7883,5.8692,28.5321,-1.7959,4.699,-17.4826
0,19367289.0,110.78305406119682,-3600.718081559392,60.01196802598987,3212.0035892125493,53.53339315354248,0.5507812876797483,4.909226076161551,2.703909859739257,58.13378389373479,2.576133057673352,1.4188858827396962,-7.08120487291085,,12.6915,-17.5794,3.9346,0.8005,6.5901,8.5978,24.7128,-0.0183,6.0674,-12.6555
0,19477733.0,105.57983987685968,-3518.899999127181,58.64833331878636,2973.844484414296,49.56407474023827,0.5469131811810793,4.711741870822887,2.576913735475835,56.496171848676425,2.521270905042896,1.378916291296309,-7.475481443911407,,10.1088,-26.6214,3.6398,1.659,6.6722,8.5856,43.7446,0.2668,5.04,-12.2492
0,19840913.0,108.21507605283828,-3491.122699053876,58.1853783175646,3163.678434359106,52.72797390598511,0.5432531680697993,4.861881676894532,2.6412326237534627,56.37002450361943,2.532589720922299,1.3758373893120477,-6.972007508724856,,8.8187,-18.234,3.298,0.8103,6.8207,5.8991,24.2322,-1.3593,6.4407,-4.9546
0,19532314.0,102.66373610785546,-3560.476779523544,59.34127965872573,2752.938802953876,45.8823133825646,0.5565074815889044,4.502616439858801,2.50573973550662,57.75011619243192,2.5327991404737467,1.4095216710355865,-8.029125123470239,,13.4804,-28.021,13.9194,0.7728,2.8056,8.7931,18.1565,-1.7223,-14.7755,61.9302
0,19739116.0,107.31605822590213,-3482.2070453197643,58.03678408866274,3117.308031178823,51.95513385298038,0.546429780392207,4.793461235767354,2.6192899703789125,56.51455923346768,2.5243225796819284,1.3793650328546856,-7.035521339786589,,9.5379,-33.3892,13.5601,0.7608,6.6076,8.6821,31.3237,0.2439,3.1342,-14.9895
0,19626898.0,108.91661361468088,-3506.988617187689,58.449810286461485,3190.954314318209,53.18257190530349,0.5464682884211157,4.8646100027303225,2.6583551020282785,56.91450391406821,2.54200765018544,1.3891265697502195,-6.928518333537765,,10.4676,-15.5706,3.8091,0.8849,6.6027,9.1932,19.8271,0.3844,5.8804,34.4441
0,19802392.0,105.10577721857848,-3618.494951240222,60.30824918733703,2845.0965452064,47.41827575344001,0.5480235126847571,4.681082112297922,2.56534306234729,56.55510550656925,2.5187872612879345,1.380354642636633,-8.092013689120568,,10.9178,-31.9083,1.5851,0.6462,3.9635,9.016,22.063,0.1313,6.2855,-2.373
0,19132465.0,102.82815003305994,-3622.442591204893,60.374043186748224,2701.0838003733347,45.01806333955558,0.5519040717797873,4.547443351739328,2.5097525020128586,56.54031936994316,2.5004232726291638,1.3799937853369764,-8.445666574668643,,12.872,-17.1045,12.2052,0.789,6.5898,9.0167,25.9628,-0.6298,4.7479,-8.5645
0,19392204.0,102.74182419333046,-3631.041422466323,60.51735704110538,2687.176269834235,44.78627116390391,0.5419823531053839,4.626802994255713,2.507645574181747,55.77255112887696,2.5116218111408526,1.3612546993129253,-8.57146954061179,,8.0673,-15.4481,11.8004,0.7513,6.6596,0.7212,29.8035,-2.0538,5.2722,-14.3517
0,19987737.0,103.32507413272737,-3397.252367217757,56.62087278696262,2956.832900094874,49.28054833491456,0.5395425944166661,4.674109511066564,2.5218811721884684,55.48764779431837,2.5100910352987253,1.3543010294070896,-7.198544927238249,,5.7371,-17.7657,3.875,0.8091,5.7963,9.8564,27.1409,-1.1051,-8.2777,33.3658
0,19712173.0,109.66480435101572,-3382.902422472086,56.38170704120144,3361.051293684005,56.01752156140009,0.5474704473708588,4.889061108244055,2.67661647215384,56.75084614107499,2.530058357102263,1.385132180637156,-6.1685160576799785,,10.144,-18.3993,3.7923,0.7862,6.39,9.0268,26.3924,6.3016,-6.7521,-2.8477
0,20496011.0,106.39583003537072,-3608.184777744553,60.13641296240922,2934.7398879839416,48.912331466399024,0.5534458432385242,4.692112014019572,2.596829890168672,57.29892772596325,2.526912822467316,1.3985093978206629,-7.780511761596029,,13.3962,-17.8321,4.1097,0.7894,5.5506,9.159,23.3411,12.6174,1.235,-6.5527
0,19449732.0,110.19076044233418,-3416.052724453942,56.93421207423237,3360.2452206238418,56.00408701039736,0.5506033005695066,4.88455781536489,2.6894536549624872,57.2165155557143,2.536305014174662,1.396497912055558,-6.248898953785401,,11.888,-18.4386,4.0265,0.8012,6.415,9.1803,28.7449,2.4209,-6.3473,3.9007
0,21023870.0,109.70764961506836,-3381.8590911166066,56.36431818527678,3364.729440096484,56.07882400160806,0.5470612620558831,4.894629691134264,2.677662296128108,56.26987825201735,2.5104923656208324,1.373393121918192,-6.186760999412772,,10.336,-17.934,4.1298,0.8632,6.481,6.4092,28.38,7.1922,-3.2082,-5.7884
0,20795497.0,108.85516575729092,-3490.5532313468425,58.17588718911404,3203.610898850418,53.3935149808403,0.5502043673920973,4.828851754138156,2.6568553246158038,57.3018219480434,2.541928088613366,1.39857993595172,-6.811748179568173,,11.6774,-14.4248,3.367,0.772,6.1707,8.7376,21.564,9.8079,-4.7971,-7.0797
0,19368188.0,104.15665515287527,-3678.495099908065,61.30825166513443,2726.729126200865,45.44548543668108,0.5460973110724858,4.65517331428388,2.542177629506819,56.77887812474294,2.5376728723991056,1.3858163319987429,-8.532735332481419,,9.8242,-18.268,4.535,0.8593,6.6644,9.1049,21.4512,-0.0617,-1.3637,-4.454
0,19668866.0,107.56352963820262,-3489.953689122798,58.1658948187133,3124.7799049348487,52.07966508224749,0.5473882802390444,4.79610226760442,2.6253301721145643,56.75295258911975,2.530532100624285,1.3851836146504235,-7.023954566807431,,10.4291,-18.1948,4.5173,0.82,6.6027,8.7994,24.3828,6.3603,0.1926,-7.0662
0,19046283.0,106.12201973915944,-3603.4754590994335,60.05792431832391,2922.610951405945,48.710182523432415,0.5480858756874184,4.725804852172278,2.590146890730694,56.52653200280424,2.517228374204703,1.3796573177812013,-7.852202009016207,,10.6183,-17.8037,4.5675,0.8413,6.1697,9.0961,23.4343,7.6173,-0.4027,-5.2042
0,19680777.0,107.21646455471036,-3396.49013709164,56.60816895152733,3196.900320729927,53.28167201216546,0.5467892553425914,4.785864307823405,2.616859181045446,56.889429416556176,2.5393962659364115,1.3885145932711276,-6.562885365437174,,9.4563,-18.5977,10.1958,0.8523,5.4374,6.3604,29.7068,11.873,-0.8576,62.3233
0,19076743.0,104.69818846654708,-3571.5441606590625,59.52573601098438,2866.982232218614,47.78303720364357,0.5472257963612204,4.669726844175533,2.5553949910933245,56.07394285751453,2.500998346348334,1.3686108117785625,-7.923582224221466,,10.2417,-18.4891,4.4697,0.7819,6.0994,8.863,27.6602,0.5795,-5.6999,-5.2854
0,19917810.0,111.72367929046013,-3405.957885596528,56.765964759942136,3464.6085335241587,57.74347555873599,0.5467205410156816,4.987681668730287,2.7268680203422195,56.9837672519964,2.54392706311673,1.3908171802516127,-6.006421228325275,,9.8637,-17.7978,4.5552,0.814,6.6148,8.8395,27.6809,0.2153,-8.7102,-6.5454
0,20042546.0,108.0912110183979,-3427.3215940790506,57.12202656798418,3219.8623273737285,53.66437212289548,0.5450538435099135,4.840273143021037,2.638209480241425,56.3724763862297,2.524332745346083,1.3758972651488142,-6.646255690234992,,9.3108,-18.2369,3.7773,0.7716,6.1955,6.4793,22.2249,4.8112,-0.7661,-4.9942
0,19845654.0,110.19054699277564,-3432.9889684788745,57.21648280798125,3343.295850291424,55.721597504857066,0.5464118766592858,4.92201674162087,2.6894484047374827,57.382993104732826,2.56319675737999,1.4005611504469964,-6.325759600218646,,9.7646,-18.4442,3.0079,0.8574,5.5833,5.0843,29.0503,12.4349,-7.4666,42.0445
0,19435383.0,114.73610654739902,-3326.272657227993,55.437877620466544,3729.546178238241,62.15910297063736,0.5467126893786183,5.122238840956742,2.800392972379077,57.314137522576,2.5587124244345394,1.3988805509090916,-5.193700586370172,,10.7635,-18.5806,4.4856,0.3524,6.2401,8.7864,27.5456,12.14,6.6767,-5.3123
0,20369245.0,96.24428013099528,-3924.777087732472,65.41295146220786,1993.8672256304185,33.23112042717364,0.551017486927199,4.263128588630496,2.349058401354673,56.51945028384,2.503522120907016,1.3794844675288354,-9.041009573087267,,10.2937,-13.9432,4.52,2.3961,3.4831,9.1558,21.5347,-1.5438,-2.6252,-5.6673
0,19266623.0,110.4931683179049,-3477.228298192242,57.95380496987071,3317.666540650316,55.29444234417194,0.5466961359272303,4.932968159838107,2.696834631635553,57.23723293000244,2.5553566061983024,1.3970035825247331,-6.527790375045397,,9.8042,-18.8114,3.5865,0.8507,5.8943,9.1336,24.5643,-0.3891,-7.2481,-6.3528
0,19496705.0,101.40703006567075,-3680.0370381702105,61.33395063617017,2556.096070377109,42.60160117295182,0.5466037666682764,4.5280823486635855,2.475066867563651,56.20013583440221,2.509479302366444,1.3716908390495768,-9.008578789838122,,8.0452,-18.62,4.494,0.8552,0.8391,9.0668,28.1851,1.0337,-5.1809,-5.3482
0,19666473.0,111.3759882015598,-3410.3912291454417,56.83985381909069,3438.7935568711787,57.31322594785298,0.5505287350226197,4.937765443880764,2.718381763658081,57.17819519425868,2.534949596700644,1.3955625948177053,-6.058786324015919,,11.4905,-18.5562,4.4103,0.8277,6.0425,8.737,22.1916,12.4424,-8.9965,-5.5718
0,19582465.0,104.96372100692298,-3522.361409186308,58.70602348643847,2932.4941895202146,48.87490315867025,0.5489708602063391,4.666688287772251,2.5618758836531805,56.48246351058029,2.51121100129409,1.3785816635400387,-7.583804627553932,,10.3568,-17.8559,3.8605,0.8619,3.6495,9.1363,25.2952,9.6758,-1.6578,-5.1182
0,19621433.0,109.7219476291123,-3497.807453244883,58.29679088741472,3249.66034954049,54.16100582567485,0.5453744103479718,4.910408628673585,2.678011210430449,57.06542133117913,2.553860402211517,1.3928101109671405,-6.750562392605664,,9.6406,-18.7498,3.7714,0.8646,5.8702,10.9124,24.3879,-1.2482,1.8161,-6.0499
0,19589748.0,110.45018529844856,-3505.1579153816137,58.41929858969356,3287.0936369889573,54.78489394981596,0.5484044421083907,4.915688651949941,2.695785492751155,57.40359404970176,2.5548005654203614,1.4010639787775545,-6.667445617510412,,11.053,-6.7328,3.0423,0.7831,6.382,8.7133,24.3202,5.3139,0.7493,-5.1688
0,19497892.0,101.82979879861978,-3927.430209176354,65.45717015293923,2334.701512002598,38.911691866709965,0.5476888929166683,4.537951363072105,2.4853855581506474,57.28815559542126,2.552993984464717,1.3982464489743949,-8.552305826499964,,10.0549,-18.4876,5.1679,2.0437,5.5869,0.385,25.6135,6.93,-0.8561,-6.7513
0,20406995.0,101.4522549921994,-3864.129251735014,64.40215419558358,2374.785011742822,39.57975019571371,0.5540003088443828,4.469619902349881,2.476170806318834,57.13247377841056,2.517050428204884,1.3944467146023916,-9.99877932990111,,12.2963,-8.7633,4.5304,2.3197,6.39,8.8383,27.5586,9.7221,1.6233,-11.1079
0,19452690.0,110.01537246612772,-3473.7620752828693,57.89603458804782,3291.7501997624413,54.86250332937402,0.5466732311515936,4.9118426962458255,2.685172917665061,56.848407979111215,2.538103823730377,1.3875134183168998,-6.592255430557463,,10.5148,-20.0915,4.5351,0.4149,6.5373,8.8351,27.5748,4.2193,2.4432,-6.2954
0,19839314.0,104.85680535989304,-3576.363746881371,59.60606244802285,2871.916960460787,47.865282674346446,0.5475823206964027,4.673756649284252,2.5592665123853138,56.23668921009813,2.506624145445892,1.3725830666768986,-7.91007815911557,,10.664,-18.2204,4.5501,0.7077,6.4738,8.7865,30.7056,8.1446,0.5925,-6.313
0,19287461.0,107.93007348394976,-3450.145942646808,57.5024323774468,3187.128654837502,53.11881091395836,0.5456087091991892,4.828142260976474,2.634276466841429,56.63678348709807,2.533589008632496,1.3823482286412294,-6.769371725362103,,10.0884,-18.0216,4.5539,0.4271,6.4093,8.8029,31.8066,0.5166,-0.9373,-6.4544
0,19410794.0,109.19414599954092,-3620.657171458455,60.34428619097425,3094.352909068563,51.57254848447605,0.5475098555874562,4.867728033141279,2.665129072464194,57.75447650763611,2.5746168145021406,1.4096280803011036,-7.423083704447865,,10.308,-18.4486,-0.034,0.3763,2.3165,8.7912,27.6658,10.3939,3.2461,-5.905
0,19478074.0,107.68372166740248,-3481.050282901656,58.0175047150276,3141.0746477545563,52.3512441292426,0.5392219275577534,4.874178216443799,2.628263773130838,55.895834419060016,2.530059829811821,1.364263738267572,-7.022347712329003,,6.4182,-17.931,4.5235,0.5495,6.4265,8.7915,27.6309,2.4058,6.9768,15.8598
0,19852696.0,107.8816776410928,-3435.7263519993544,57.26210586665591,3198.5720916841697,53.30953486140283,0.5485618249226449,4.799997133304837,2.633095187069165,56.54919736863364,2.5160526902738782,1.3802104553781689,-6.704052726696362,,10.7111,-18.414,4.5292,0.791,6.2924,7.3909,27.6671,1.8401,-8.0748,-6.2548
0,19132912.0,103.62104331065684,-3560.2213761618823,59.33702293603137,2812.064830359789,46.86774717266315,0.5471835375502752,4.6220413573083405,2.529104940595653,56.37957328807264,2.5148243167521573,1.376070465957899,-7.9947410388189954,,10.5144,-17.8399,4.525,0.3594,6.399,8.7869,32.9194,2.9447,-6.1962,-6.2921
0,20376825.0,108.14671087529406,-3484.6541956962287,58.07756992827048,3165.9427484521693,52.76571247420283,0.5458649626279275,4.835562348853665,2.6395640608420194,56.74750359896357,2.5373503232198047,1.3850506393583384,-6.920921234933844,,9.9327,-34.3,4.5072,0.7769,6.4202,8.823,27.5744,9.8885,5.9756,46.6906
0,19385963.0,102.41474905834885,-3561.902784076173,59.36504640126955,2736.2010751210946,45.60335125201824,0.5471924394063086,4.568159873708082,2.49966254489234,55.90760006468254,2.493731201794928,1.3645508595337918,-8.21766259955684,,10.4111,-17.9336,0.2049,0.6829,6.385,8.7997,27.5459,9.0467,-5.292,-6.1079
0,19073347.0,101.1023914853686,-3654.28524674683,60.904754112447165,2563.1137884770405,42.718563141284015,0.5430466250056525,4.544051007632166,2.467631563548182,55.69769898965156,2.5033352970028058,1.3594277842948963,-8.94954749431159,,8.7255,-21.3166,-2.52,0.3787,5.7664,8.6942,27.5464,3.1705,-1.5477,-6.7867
0,19828043.0,103.22668446882255,-3528.6496840243067,58.81082806707178,2819.3850063192617,46.98975010532103,0.5417766102080716,4.650403284811484,2.519479727745647,55.71578741547315,2.510018433179753,1.3598692782879016,-7.931831457885709,,7.5534,-17.9305,4.5054,0.3617,6.246,6.6769,27.6311,2.3374,-3.2308,-6.1481
0,19561916.0,109.09488926350326,-3628.347393084072,60.47245655140121,3080.558788951393,51.34264648252322,0.5521415212879155,4.822507114217381,2.66270641446578,57.9877437969543,2.563330957903819,1.4153214546614243,-7.465226490754102,,13.3596,-18.1267,4.5464,0.4374,6.4161,8.7971,26.0765,3.8434,5.054,-5.6775
0,20822966.0,108.2915378877604,-3346.120179803788,55.76866966339647,3313.383055425902,55.22305092376504,0.548413994099977,4.819532152305833,2.643098877339301,56.333832190166575,2.5071461796443426,1.3749540501712525,-6.179389269612632,,9.8781,-17.8999,4.5087,0.5231,3.8065,8.8213,27.678,9.1639,-12.9777,-5.7945
0,19655158.0,102.96982884509484,-3545.86124279672,59.09768737994534,2786.377837930762,46.439630632179366,0.5513151990000466,4.558572868363199,2.51321050807787,56.35668950608769,2.494964579573141,1.375511893685434,-8.008518404643173,,10.4089,-18.454,11.4069,0.3525,0.185,8.832,27.5467,11.039,-6.4984,-5.9958
0,19639050.0,103.34974681648126,-3539.6144674590705,58.99357445765117,2815.988072767807,46.93313454613012,0.5464006243131759,4.6165454450813765,2.522483313362613,55.92012169266778,2.4979043591378507,1.3648565013075251,-7.956996416615634,,10.2669,-18.0116,4.5109,0.6435,6.5956,8.802,27.5706,5.5261,4.2536,-5.4117
0,19399377.0,111.60189380461313,-3365.424827753922,56.09041379589871,3497.652263457854,58.29420439096424,0.5468200617657184,4.981337781596755,2.7238954334086443,56.73143193181844,2.5322009838006028,1.3846582983650586,-5.826502690462091,,9.88,-18.1945,4.5031,0.7968,6.3974,8.8314,27.5901,7.3549,-3.0038,-6.3723
0,19682613.0,102.53475328380208,-3628.831179727143,60.48051966211906,2676.6524668776674,44.61087444796112,0.5487579658179437,4.560465072349778,2.5025915362864457,56.626794165873406,2.5186047528472675,1.3821044208718714,-8.518148386289047,,10.164,-18.0822,4.5099,0.354,0.4203,8.8013,27.6182,6.4569,3.6546,-5.954
0,19748495.0,105.39441235735484,-3541.510967354471,59.02518278924119,2939.8304537674544,48.99717422945758,0.5476799910606349,4.696881197733581,2.572387852387592,56.83907390622621,2.533022117164576,1.3872855304850855,-7.601323179412265,,10.418,-14.1309,4.5481,0.824,3.7135,8.8269,44.0162,1.0044,3.5251,-5.7791
0,19992683.0,108.78087059433558,-3396.465657674625,56.60776096124376,3293.1296125016797,54.88549354169466,0.5458790655683848,4.863791821366958,2.655042134566948,55.85367051718296,2.4973198354688027,1.3632346182111026,-6.4153490211151984,,9.898,-11.1361,4.4933,0.3778,6.2604,8.822,27.6621,9.3644,-1.1241,-6.3861
0,21068597.0,103.85290409972994,-3630.2430941289326,60.50405156881554,2756.301638082498,45.9383606347083,0.5461132143883207,4.641462272627744,2.5347638811668576,56.72624895566747,2.535246815462951,1.384531787660226,-8.32116905571246,,10.3979,-17.9105,4.5529,0.4007,6.4713,8.7958,27.5938,1.596,1.0813,-5.5162
0,19219735.0,109.1752434114306,-3468.0987245582987,57.80164540930498,3245.7489212196247,54.09581535366041,0.5455764024632477,4.88413297191368,2.664667695968796,56.84462321351638,2.5430371377040304,1.3874210529189994,-6.684712801890865,,9.9726,-18.3209,4.4861,0.5769,6.605,8.8364,16.8228,6.2535,6.1973,-5.576
0,19722857.0,107.90503240764087,-3573.3154763369835,59.55525793894973,3062.4191935412905,51.040319892354844,0.545083199630653,4.831675646988753,2.633665221238135,56.99459403080397,2.552053280965848,1.3910813680167702,-7.412441927372679,,10.5881,-18.2899,-0.8815,0.5499,6.4222,8.8027,27.6423,-3.0053,7.5962,-5.9473
0,19843929.0,103.70996373048146,-3496.2084885652407,58.27014147608735,2881.545973695056,48.025766228250944,0.5471646336088108,4.626167293882304,2.5312751323701748,55.83602490918136,2.4906651488812868,1.3628038836298637,-7.671955291977734,,10.3334,-18.1493,4.4971,0.4048,6.4374,8.8149,27.6246,2.9013,-8.3564,-6.1508
0,19468866.0,104.81470191136027,-3762.575214608899,62.70958691014831,2683.1162964101877,44.71860494016979,0.5450022827595175,4.693996416404328,2.5582387622053533,57.544661827958194,2.577066303466332,1.4045070182117825,-8.830215930968274,,10.1595,-18.4992,4.5082,0.4254,6.4803,4.7604,27.5874,6.2687,1.9342,-6.2994
0,20002448.0,111.99241478465368,-3400.210834047662,56.67018056746104,3486.881759951619,58.11469599919366,0.5473477217826224,4.993949932336765,2.7334271181610093,56.82839558988085,2.534083784661649,1.3870249863408388,-5.951855425170903,,10.4773,-18.5714,4.5234,0.6686,6.4588,8.8337,27.5751,6.6166,-0.5299,-6.2979
0,19105309.0,101.60217621178718,-3659.492375248898,60.991539587481626,2588.641452992242,43.144024216537375,0.5447596321669653,4.552154394454244,2.4798299534901287,56.62713630721305,2.5371057687673235,1.382112805362373,-8.831472626312884,,10.34,-18.7977,4.5185,0.6979,6.405,0.5338,27.5894,4.8559,2.4068,69.2039
0,20153486.0,108.62833356318208,-3452.7836743488474,57.5463945724808,3227.431168951344,53.790519482522406,0.547963500172172,4.838495747291405,2.651319065253967,56.59714723615904,2.5209358113894207,1.3813808109183214,-6.691704154265787,,10.3987,-18.3762,4.5169,0.1525,2.916,8.8325,35.3465,7.1544,-0.3663,-6.3243
0,19479697.0,110.19757596504375,-3396.7359128785547,56.61226521464258,3379.981160013086,56.33301933355144,0.5516629715104769,4.875476876100458,2.689620061000196,57.037765947411565,2.5235247373249674,1.3921351552728871,-6.1549480768005225,,12.5317,-19.7411,4.5042,0.6546,6.508,8.8337,27.5802,5.2469,-3.5172,-6.3505
0,19923838.0,110.61844355368385,-3342.149048195046,55.7024841365841,3460.4497244380627,57.67416207396772,0.5459227746817177,4.945557120264151,2.6998922654415303,56.74643481432537,2.53703384110078,1.3850245539951538,-5.828200147369044,,10.3421,-10.8532,0.7956,0.4173,6.5257,8.8327,22.2469,11.1932,0.6352,-6.311
0,19584813.0,109.787271463204,-3421.527323822702,57.02545539704503,3329.9576375787115,55.49929395964519,0.5460633539924482,4.907132922094493,2.6796054619256817,56.712523313493406,2.534864802974613,1.3841967762297234,-6.365533690767649,,10.2007,-19.5236,9.2916,0.4221,6.5181,3.9334,27.5808,5.5433,-1.9013,20.1825
0,19542843.0,103.3517979144171,-3656.549065286909,60.94248442144848,2699.179609387844,44.986326823130725,0.5474146857445819,4.608084869155836,2.5225333305333044,56.49897299301887,2.5190859552106204,1.3789846465352116,-8.554013838697747,,10.2816,-18.3417,-4.2819,0.5487,3.0783,8.8337,27.5801,9.8805,-0.9677,-6.3689
0,19364414.0,102.53303383250756,-3628.808591400172,60.48014319000288,2676.5693157195115,44.6094885953252,0.5463117057736958,4.580809001520763,2.5025495794443087,56.42778152735968,2.5209913322044404,1.3772470749373096,-8.532872899798145,,9.937,-18.6029,4.5113,0.678,6.513,8.8338,27.5763,4.9041,0.4992,34.9761
0,19140043.0,104.456988761791,-3571.657827702724,59.52763046171206,2852.035732938088,47.53392888230147,0.5461009118232409,4.668565634824753,2.549507950084445,56.421457344980375,2.521681698370545,1.3770926748081334,-7.935203397583461,,10.4835,-37.2593,4.5253,0.6035,6.5304,6.4202,16.2738,4.6958,5.6748,-24.38
0,20177352.0,108.54534713964917,-3292.704163748825,54.87840272914709,3382.407341222467,56.37345568704112,0.5375620314700784,4.928349565558061,2.6492936042560693,55.22536989426585,2.507430625985541,1.347899501075078,-5.925789640458106,,5.2272,-18.3751,4.5184,0.4602,6.4425,8.832,27.5866,3.2338,-1.1337,-6.3608
0,19693240.0,110.9520060676394,-3484.564036981772,58.07606728302953,3338.5475170206314,55.642458617010526,0.5467275424754832,4.953168134852699,2.7080334418358887,57.11778893306104,2.549877393870714,1.394088201164725,-6.509550375179379,,10.2573,-19.3897,4.5194,0.5853,6.4421,8.8696,27.5852,14.8,-1.4589,-6.3441
0,19534418.0,98.82971218549784,-3726.03652833684,62.10060880561401,2351.6016775061,39.19336129176833,0.5509280182730187,4.378360826755287,2.412161653568506,57.18121581825654,2.533246225537747,1.3956363228331157,-9.598729629270448,,10.4182,-19.939,9.1289,0.6218,0.4082,8.8338,22.0128,5.6069,-0.1093,55.855
0,19686102.0,111.9851684776702,-3505.5890686693706,58.42648447782285,3381.057905979201,56.35096509965335,0.5475838710196445,4.991473309960376,2.7332502771593403,57.18169866799676,2.548738610652852,1.3956481546385189,-6.483132152471509,,10.1632,-18.6933,4.5081,0.5584,4.4994,8.8333,27.5848,4.7439,-1.0589,-6.3594
0,19596888.0,105.55331353505429,-3540.9210235617647,59.01535039269608,2950.192194393146,49.16986990655244,0.5473805786332627,4.706535866704949,2.57626632607516,56.599080400749614,2.523706674922891,1.3814280200199196,-7.591533672536253,,10.2508,-18.974,4.5038,0.7689,6.3296,10.7176,27.584,4.2783,-2.7178,-6.3115
0,20116748.0,109.88591265554646,-3363.1220916951447,56.05203486158575,3394.428914683987,56.57381524473312,0.5462091343876027,4.910231140838022,2.6820131010801864,56.30054498388319,2.515779161725526,1.3741415582364682,-6.06142544304084,,9.7113,-19.3341,4.527,0.7679,6.4664,8.833,27.5778,11.7893,-0.9887,-6.3353
0,19405100.0,108.5550274001208,-3541.713107010616,59.028551783510274,3133.993695868382,52.23322826447304,0.5448107428235169,4.8632116134675165,2.649529931641192,56.84385796880315,2.546576762486026,1.3874023776271185,-7.166196990599512,,10.3225,-18.7271,4.509,0.6901,6.4271,0.2897,27.586,6.4419,1.8248,-6.3358
0,19619311.0,105.2302021006939,-3618.1604183227296,60.30267363871216,2853.082718511976,47.55137864186626,0.5489198495706418,4.678970978315691,2.568380045562448,57.24898772584801,2.545527298815553,1.3972904619437956,-8.009594845209044,,10.1518,-18.8737,4.532,0.6636,2.5575,8.8351,27.587,5.6664,-2.4425,36.739
0,19967128.0,106.19101618318396,-3481.24817721555,58.02080295359252,3049.081242957637,50.81802071596062,0.549114490153126,4.720018929168524,2.5918307878034774,56.56471273253669,2.514210000213108,1.3805891424049113,-7.183822011649468,,10.412,-19.9181,4.5291,0.5226,2.4732,8.8347,19.4009,5.2307,-1.646,-6.3443
0,13281517.0,0.0,0.0,0.0,0.0,0.0,0.5461898803731483,0.0,0.0,0.0,0.0,0.0,0.0,,9.888,-19.52,4.5187,0.5169,6.4206,8.8336,27.5761,6.1983,-2.5841,-6.3342
0,19455068.0,110.6664118912758,-3370.879548050952,56.1813258008492,3434.66908849223,57.24448480820384,0.546577361162739,4.941776161981545,2.701062974072801,56.8071722723739,2.536707614962684,1.3865069542277293,-5.9721706239291095,,9.8869,-19.9423,4.5318,0.6571,6.4231,8.835,27.5798,4.955,-2.4463,23.0398
0,19321642.0,104.20257706466344,-3593.4156788629284,59.89026131438214,2814.632564025957,46.91054273376594,0.5480198619235748,4.640887602968053,2.543298583381382,56.5601807204378,2.5190302286307493,1.3804785980755343,-8.080447857082584,,10.071,-18.8841,4.5271,0.541,1.1828,4.618,27.5874,5.7233,-1.2295,-6.3679
0,19385638.0,110.15856421436644,-3400.1554316687884,56.669257194479805,3374.162572145853,56.23604286909755,0.5471263256216107,4.9141625951385866,2.6886677241853336,56.54090696624986,2.5222842371843432,1.380008106863977,-6.208878018703343,,10.3421,-25.1622,4.5046,0.7797,6.5332,8.8351,27.5754,7.0114,1.0371,-6.3264
0,20035247.0,110.60723771473114,-3343.8934987669863,55.73155831278311,3458.016158888028,57.6336026481338,0.5462052335742846,4.942498642548869,2.6996186254939896,56.39328049089045,2.5199409915105586,1.376404957861439,-5.861898412932098,,10.0095,-19.9053,4.5108,0.5167,6.504,8.8328,37.962,4.4981,-1.764,-6.3128
0,19109096.0,106.48498384807932,-3586.864644044532,59.7810774007422,2961.5426301660877,49.359043836101456,0.5462886509667778,4.757568856470738,2.5990058724829552,57.14615083736729,2.55319330168581,1.3947805244353544,-7.671659904804702,,10.4292,-16.4559,4.3193,0.587,6.5127,5.9714,24.3818,7.8525,-0.1234,9.8898
0,19327251.0,102.2124920339024,-3573.88930690601,59.56482178176683,2711.7765415757285,45.196275692928815,0.5389247655996032,4.629080235350458,2.494725980778002,55.65705999625511,2.5206409829135508,1.3584358508774388,-8.334285888814852,,6.0311,-17.6745,0.9927,0.667,6.5171,10.2644,24.6971,7.5193,8.2455,-6.3038
0,19390297.0,110.94973391822026,-3420.575073607876,57.00958456013127,3402.396752150742,56.7066125358457,0.547984554562004,4.941705078566188,2.7079780562548854,56.83328134266464,2.53135636404176,1.387144189587118,-6.193459068749995,,10.3737,-12.0937,12.6137,0.4224,6.4619,8.8329,23.8496,6.846,-0.2366,7.0937
0,20236306.0,109.3777833865728,-3546.1658978350924,59.10276496391821,3180.137159012173,53.00228598353621,0.5467338937997317,4.88283454048267,2.669611141097914,57.262915107339886,2.5563266242710347,1.3976304091116265,-7.037006125797019,,10.3495,-12.5753,3.4511,0.6217,6.4735,8.8333,25.1157,8.1026,-0.0781,-6.3095
0,19253100.0,106.68234007243969,-3595.6985522628843,59.9283092043814,2964.845352752462,49.41408921254104,0.5461162150139501,4.767891336222134,2.6038227701354373,56.882069644524776,2.542197020241193,1.3883350145138629,-7.701583051169021,,10.3616,-13.9069,1.7192,0.5991,6.4842,8.8331,25.3894,9.9196,3.8349,-6.3057
0,19990386.0,111.84113599790118,-3427.3535126183315,57.12255854363886,3450.4360315817635,57.50726719302939,0.5439525638935508,5.01833244269215,2.7297347986725806,56.74337465812162,2.5460857082141137,1.3849498488757943,-6.113059771417134,,8.9665,-15.14,1.572,0.5291,6.4655,8.8328,34.5092,9.6149,0.3635,-6.3042
0,19415348.0,103.0599032533896,-3604.252361435725,60.070872690595415,2733.525940778037,45.55876567963396,0.5498840005957477,4.574435552955086,2.515408922326364,56.40706305132362,2.5036941285045056,1.3767413436501417,-8.319875658986236,,10.4272,-12.5117,6.0877,0.4406,0.0816,8.833,24.523,11.0835,0.4344,-6.3024
0,19524347.0,111.10588754376568,-3474.391063913501,57.90651773189169,3358.183595037772,55.96972658396288,0.5479586991711652,4.948893808530819,2.711789413658781,57.534924596908,2.56272856827471,1.4042694126005928,-6.412914168894992,,11.202,-14.5268,2.9318,0.5078,6.4995,10.0812,27.5384,9.3505,9.064,-6.302
0,19536822.0,109.51801347852025,-3512.99611782039,58.5499352970065,3221.9305375943577,53.6988422932393,0.5461217161609371,4.894574901562328,2.6730336451194683,57.09753098024349,2.55180068739915,1.3935937707030828,-6.851859011696948,,10.3699,-11.4327,2.1005,0.4689,6.4623,8.8327,27.2155,9.3349,3.6944,-19.8411
0,19405714.0,108.32721493348772,-3522.514837028545,58.70858061714242,3139.182396052476,52.3197066008746,0.5454236206082916,4.847552292652287,2.6439695225464352,56.83017841425533,2.543102966627633,1.3870684276377312,-7.0955592226512,,10.3742,-18.3057,4.0942,0.5053,6.5158,3.3804,25.7356,-0.8478,-0.0829,-6.3028
0,19717375.0,104.1558169510977,-3531.193214242086,58.853220237368106,2873.9794657575303,47.89965776262551,0.5467026372827604,4.649981524250111,2.5421571626236457,56.30343344298053,2.5136370960887184,1.3742120296034817,-7.762551518212327,,10.4044,-14.4782,4.0593,0.5499,6.4612,8.8335,23.1827,9.4098,-0.0706,-6.3023
0,19693088.0,109.5001240489721,-3413.7243158187757,56.89540526364625,3320.102210109627,55.335036835160444,0.5450587945422017,4.903318785365244,2.6725970264073124,56.99931289077253,2.552378858723858,1.3911965439510263,-6.341494057518481,,10.4257,-16.1068,1.6686,0.4656,6.5187,1.3829,24.122,8.6539,-5.2155,-6.3052
0,19276134.0,104.09976402337848,-3647.284235626422,60.7880705937737,2754.441409999402,45.90735683332337,0.545493135102036,4.657783960222042,2.540789175089498,56.75848270257134,2.539571081824985,1.3853185912391806,-8.379913367932705,,10.3424,-14.4228,3.8091,0.6447,3.9664,0.1464,24.8576,7.0529,8.7863,-6.3074
0,19735231.0,104.75856710345232,-3596.1118568647216,59.935197614412026,2846.127584471326,47.435459741188765,0.5459937894882766,4.68296290612605,2.5568686631487942,56.66192642608442,2.5329260124468838,1.3829618720293035,-8.008478374792652,,10.3675,-12.9139,4.2501,0.5672,6.4887,8.8336,26.7088,-2.3073,-0.2806,15.954
0,19466724.0,110.9453429568035,-3418.608816144165,56.97681360240275,3404.0929827745827,56.73488304624304,0.5520988623935529,4.904684797677128,2.7078708971964955,57.53729183675146,2.543615378980824,1.4043271571020588,-6.142663167231513,,13.4063,-17.0017,2.1786,0.5303,6.4928,8.8332,22.5189,11.1505,3.4589,-6.3015
0,19956413.0,109.26203964452618,-3366.635245959568,56.11058743265947,3352.550026436093,55.875833773934886,0.5467731019746206,4.877317598589783,2.666786072696343,56.33464041968615,2.5147062421960533,1.3749737326004776,-6.160568379767622,,10.4095,-18.4087,3.2566,0.5901,6.4792,8.8332,25.469,10.7409,0.4056,-6.3022
0,20233134.0,105.41867042236936,-3611.292805623383,60.18821342705638,2871.540390992693,47.85900651654489,0.5473094137954222,4.701143443649984,2.572980062312265,56.78590031429499,2.53236605892216,1.3859877832241108,-7.978978576036466,,10.4516,-14.5212,6.919,0.6301,6.523,8.8333,25.2425,10.8951,-0.2228,6.569
0,19725171.0,108.88157291586316,-3509.916286012975,58.49860476688291,3185.8717804712296,53.09786300785383,0.5465738604328383,4.862105981635347,2.6575000362160264,57.112764846707606,2.55037016964744,1.393965669156954,-6.927091215504731,,10.4517,-14.3138,2.9303,0.4534,6.4709,8.8335,23.7923,6.9448,0.1013,-6.3108
0,19621863.0,110.11731296895228,-3389.692241585599,56.49487069309331,3382.08897304264,56.36814955071068,0.546661978805484,4.91649529632919,2.6876610474791693,56.69975972867904,2.531519290591876,1.38388534477921,-6.148879938121613,,10.4219,-23.4989,1.3645,0.6133,6.4894,8.8337,24.359,8.9942,-0.3551,-6.3098
0,20519448.0,102.23856090129668,-3786.496778740588,63.10827964567645,2500.772202452503,41.67953670754172,0.5498043839957182,4.53863648694945,2.4953622378877327,57.37596388671639,2.5470687466106754,1.4003895632250285,-9.363287896320973,,10.4656,-13.9213,1.8224,0.5464,0.3401,8.8327,26.7527,6.7612,-0.0294,9.142
0,19834694.0,108.34381071191788,-3399.824342919633,56.66373904866055,3262.893465197119,54.381557753285314,0.548994865211373,4.816756650070499,2.6443746678614377,56.167125973997486,2.497081981636814,1.370885185930451,-6.471154692443828,,10.4684,-11.918,12.6583,0.6407,5.6369,8.8335,26.245,7.1996,-0.2113,-6.3019
0,21034874.0,106.7213001372784,-3682.931362237057,61.38218937061762,2880.008433379709,48.00014055632848,0.5553441890428704,4.690376999650304,2.604773611176129,58.04129902350794,2.5509019625838847,1.416628581739014,-8.078533127660055,,14.1306,-18.3424,1.0417,1.7707,6.5188,5.8807,26.435,12.9367,0.255,-6.3048
0,20359046.0,111.50411514762314,-3397.142693605452,56.6190448934242,3459.921395157004,57.66535658595007,0.546406475533153,4.980740731652365,2.721508988726587,56.82123164578452,2.538128951618752,1.386850094902659,-5.996708008608097,,10.4141,-12.684,3.369,0.6281,6.5055,8.8335,42.6962,10.178,7.7217,-6.3022
0,18824451.0,110.4479007809926,-3423.151405071727,57.05252341786212,3368.959658469468,56.14932764115781,0.5462100845857186,4.935334773732835,2.6957296242194504,57.08783459686009,2.5509545518811616,1.3933571015573332,-6.263045604452888,,10.3655,-15.3741,1.0852,0.6628,6.4749,8.833,22.5372,-0.0114,-0.4493,51.9665
0,19206678.0,109.48505287665498,-3398.7954618263666,56.64659103043944,3334.104246339889,55.56840410566482,0.5440775399510092,4.911485894766692,2.6722291631287427,56.59138896257821,2.5386826909431397,1.3812402332045512,-6.284787909893398,,9.2913,-12.7028,2.3375,0.5619,6.4725,8.8331,36.0707,9.6229,7.1482,-6.3036
0,20405926.0,111.43587699926287,-3458.7983721457417,57.64663953576237,3394.069339146806,56.56782231911343,0.5438536432686398,5.001057863883075,2.719843539470092,56.964370547624966,2.5564667408704795,1.390343750917516,-6.323556050081954,,9.5521,-14.3876,1.8253,0.5875,6.4987,6.0256,38.0503,9.9592,6.6036,-6.3041
0,19978884.0,109.8025957990001,-3398.868935967889,56.64781559946482,3353.5584117529406,55.89264019588234,0.5438766480651307,4.927550295198478,2.6799795377248934,56.60763481455182,2.54034948455629,1.3816367625744577,-6.243673642176689,,9.0357,-13.4869,2.8685,0.6017,6.4711,8.8332,37.0512,9.6924,7.1236,-6.3031
0,19587476.0,110.0224130015746,-3442.3416073662856,57.37236012277143,3323.603632890336,55.3933938815056,0.5447843873284066,4.929187997232102,2.6853446630986264,56.841529918626414,2.54659554699271,1.387345494841672,-6.429826119919612,,9.5824,-14.8069,2.8781,0.6005,6.4871,8.8331,40.1659,10.093,8.5519,-6.3025
0,19009536.0,109.20633141078336,-3476.5395677419974,57.9423261290333,3239.2198676023663,53.98699779337277,0.5436582025193212,4.902761164567014,2.665426322110037,57.51642169440701,2.5821696870988733,1.4038177306880515,-6.681550771360706,,9.0436,-14.3752,2.6464,0.554,6.4956,8.833,18.708,9.9777,3.9036,70.751
0,19985179.0,114.6594400208416,-3412.852967489742,56.8808827914957,3638.251178430057,60.63751964050095,0.5561077982550878,5.032336889097268,2.79852178747374,58.00619054455644,2.545858347296278,1.41577168018427,-5.612349856795971,,14.9687,-13.0987,10.1883,0.5779,6.4862,8.8335,17.5546,9.7213,3.8309,-6.3032
0,19864327.0,109.58730828557094,-3433.5101209349627,57.22516868224938,3305.6778922990597,55.09463153831766,0.5454216702016326,4.903958106774597,2.674725021195837,56.79883812693446,2.541709683772139,1.3863035408906634,-6.447476553270827,,10.2273,-13.6638,3.172,0.6189,6.4665,4.9243,39.2849,9.9828,0.6451,-6.3036
0,19982606.0,107.22949836460626,-3470.034497768943,57.83390829614905,3124.15748804698,52.06929146744967,0.5486152360588455,4.770515084991565,2.617177259474931,56.86290704759932,2.529764290463039,1.387867233385618,-6.956526466822618,,10.9663,-13.2849,1.7814,0.5578,3.3361,8.8334,40.6704,-0.8083,-3.3388,-6.304
0,20696415.0,111.72842693140612,-3427.065631488862,57.117760524814365,3443.7927488585037,57.3965458143084,0.5370871324538221,5.077358215315859,2.7269837643048507,56.40918759630711,2.563444773434786,1.376793202567827,-6.146614568656675,,5.3729,-13.9839,2.062,0.5386,6.4977,8.8331,43.3628,9.7908,5.6402,-6.3032
0,19511018.0,106.63835117454634,-3597.17966103048,59.95299435050801,2960.659099949163,49.34431833248605,0.5469515891891339,4.758645986601664,2.602748984760274,56.74165587968434,2.5320482739181966,1.384907827323161,-7.728250867406228,,10.7939,-12.6958,2.3228,0.6114,6.4975,8.8333,41.7671,9.8895,7.2329,-6.3038
0,19526082.0,102.1747943477483,-3654.4139896817023,60.90689982802838,2628.9335995177285,43.81555999196214,0.5474357401344138,4.5554312862655575,2.49380589782825,56.35858650914749,2.5127299729097268,1.3755581924777618,-8.740584267517063,,9.4705,-14.0668,7.5826,1.734,6.4969,8.8335,39.073,4.3557,6.8329,68.2809
0,20298401.0,103.26142861137302,-3422.045441641956,57.0340906940326,2928.125876680418,48.80209794467364,0.5408810734890213,4.6596706178706,2.5203276458991013,55.35270474311479,2.497790078828632,1.3510073791870576,-7.352192352911267,,5.2027,-14.118,2.4599,0.5358,2.1,8.833,41.7,10.1319,-14.1299,-6.3026
0,19996516.0,110.66736260412684,-3394.4940529493747,56.57490088248958,3411.1130486911807,56.85188414485301,0.5452620372203636,4.953739548819054,2.701086118248162,56.89017076209186,2.546542017553553,1.3885326883585052,-6.091186058289687,,10.2515,-28.1119,1.743,0.3574,6.4744,3.3649,34.6548,9.7971,-8.4027,-6.3036
0,19947408.0,108.78159858903663,-3289.588386568963,54.82647310948272,3400.05165241533,56.66752754025551,0.5444557688115764,4.876539007926444,2.655059794700234,55.87616788119611,2.5048566652849424,1.363783661460515,-5.837048439858281,,8.1702,-14.5856,6.753,0.5803,6.5004,8.8331,38.4822,9.6914,-8.1319,-6.3024
0,19504202.0,102.92600847178714,-3662.702108775645,61.04503514626074,2666.842191514665,44.44736985857776,0.5492867260642449,4.573460221643855,2.512140991931809,56.769895126072704,2.522538870407618,1.385597117495999,-8.630155078952715,,10.3435,-14.1781,2.953,0.6154,0.4888,8.833,35.9144,9.9203,7.5445,-6.3032
0,19511074.0,107.96359872747357,-3449.1202724847785,57.48533787474631,3190.215995487031,53.17026659145052,0.5458014493854415,4.827936532169611,2.635094756799096,56.3619683766325,2.520405112073092,1.3756407632079697,-6.774916886287344,,9.3752,-16.3662,1.9805,0.5818,3.7687,8.8334,37.6136,9.7165,3.3361,-6.3024
0,20209610.0,109.1868325931232,-3402.6004307747785,56.71000717957965,3311.9599040505163,55.19933173417528,0.5487320604166778,4.856560675912752,2.664950546232218,56.85744249305801,2.528982779212404,1.3877339311955184,-6.328805568576464,,10.3448,-13.439,2.2397,0.5731,4.4697,8.8332,40.4746,8.436,-11.3023,-6.3028
0,18904141.0,106.11637564438918,-3597.7251466087578,59.96208577681264,2928.0141742891037,48.800236238151726,0.5443183401577566,4.758261594677064,2.59000905325102,56.83922403736713,2.548672579193479,1.387289227912183,-7.800721050750745,,9.3767,-14.6813,2.4455,0.5622,6.4843,8.8335,34.8045,9.6244,6.6397,-6.3023
0,19483262.0,110.0462272102064,-3476.7576407543684,57.94596067923948,3290.6520795763367,54.84420132627229,0.5445712928983026,4.932184393558955,2.6859260320132305,56.93918586583053,2.5519690318229777,1.3897290750962683,-6.601745888180097,,9.5244,-13.6409,1.82,0.5855,6.4849,8.8334,36.3616,9.6176,5.0417,-6.3034
0,19707280.0,100.1379177998392,-3633.8577453317343,60.56429575552892,2524.229955374623,42.070499256243714,0.5475836709779359,4.463411571867408,2.4440912936085546,56.00816556991301,2.4964319192606266,1.367005354695228,-8.95695034465991,,9.374,-13.414,2.028,1.5571,5.0318,10.6118,48.5565,9.9535,0.9349,-6.3028
0,19636750.0,106.05089372733508,-3508.6100411308207,58.47683401884701,3013.1023996711674,50.21837332785279,0.5436613031658047,4.761072310217263,2.588410776639346,56.24662494852761,2.5251484374486246,1.3728254901904149,-7.372302064423055,,8.2031,-12.9433,2.6321,0.5945,4.0034,8.8331,34.6635,9.7752,7.2586,-6.3031
0,19053297.0,103.0945858274993,-3603.209247598675,60.05348745997792,2736.701896377188,45.611698272953134,0.5493084806000571,4.580769326126434,2.516255438513859,56.38566793987636,2.505366659742092,1.376219153208969,-8.310191763604408,,10.6456,-14.6688,1.6873,0.6036,0.9439,8.8335,38.7205,12.2208,7.0985,-6.3032
0,19671766.0,105.80485796022651,-3499.569657430932,58.32616095718218,3007.0125523391634,50.1168758723194,0.5460387488622883,4.729345214227119,2.582405743714427,56.09069816573775,2.507184264001462,1.3690197586825756,-7.3649489154800385,,9.1906,-13.3967,12.4003,0.5989,6.4839,8.8331,41.1876,10.0755,3.2228,-6.3036
0,20825440.0,108.75538150841118,-3414.057249105935,56.90095415176558,3273.9705426368027,54.56617571061338,0.5442559271446682,4.8771539598451,2.6544199502427848,56.51726325644922,2.534526480140028,1.3794310593213233,-6.469317923292811,,9.4328,-14.2645,1.9528,0.5791,6.4918,8.833,41.2327,13.8942,6.5141,-6.3023
0,19460240.0,110.7244896008704,-3314.207798668456,55.23679664447425,3494.912388362266,58.248539806037776,0.5374752133685388,5.0281025740466,2.702480503824596,55.55449532168714,2.522781562902225,1.3559325588030888,-5.7318277847921575,,5.8585,-13.5902,-4.6771,0.5693,6.4872,8.8333,39.1828,9.7794,3.9923,-6.3032
0,21158671.0,109.03239455776514,-3342.9581396131653,55.71596899355277,3362.1048640616978,56.03508106769497,0.539106953585726,4.936276661166678,2.661181072857887,55.81105128778167,2.526760886289573,1.362194363847141,-6.094014427968466,,5.9442,-13.5995,7.0432,0.879,6.4908,7.1126,33.5002,9.7846,5.5387,-6.3032
0,19511258.0,111.27680054833132,-3454.3401777181675,57.57233629530279,3388.7449581276937,56.479082635461566,0.5544524031058568,4.898456327546096,2.7159608823170225,57.72951731689902,2.5412801050504905,1.4090188612103485,-6.273865301302118,,14.5042,-13.6744,3.9177,0.5544,6.4945,8.8335,42.2651,14.0769,4.5704,-6.3032
0,19675056.0,107.97531807268102,-3446.2996791859714,57.43832798643287,3193.7572823769137,53.22928803961523,0.544253576654592,4.842192736564189,2.635380715725946,56.026557195034734,2.512531503930202,1.3674542574713535,-6.781358674689408,,7.8461,-13.5878,7.7168,0.5546,3.0844,8.8333,34.9775,9.7817,5.1782,-6.3032
0,19400639.0,114.25368586071656,-3457.103175091948,57.61838625153247,3569.048687438351,59.48414479063919,0.552634974172646,5.046040323494587,2.788618363848561,58.04728555113173,2.5636717218689333,1.4167746558021808,-5.886660027706821,,13.4998,-13.1073,6.2791,0.5505,6.4945,8.8334,44.3773,9.7214,5.4364,-6.3032
0,20815145.0,109.62855726433584,-3383.5216056968898,56.39202676161483,3358.203057333525,55.970050955558754,0.5419914049926988,4.936852919298562,2.675731849972934,55.81343108640633,2.5134208373335323,1.3622524909643268,-6.230240842253184,,7.1356,-13.2017,6.778,0.5453,4.7274,8.8331,34.5755,9.7567,4.8647,-22.6021
0,19443999.0,105.5648703806122,-3435.5233656617047,57.258722761028416,3056.300552795611,50.938342546593525,0.5407531468163608,4.764740370182426,2.5765483489390983,55.617967137487575,2.510353798304257,1.3574817160554309,-7.084760548021333,,6.641,-13.4941,7.9277,0.5597,5.3819,8.8333,18.9875,9.7382,5.4163,-6.3032
0,19346638.0,109.32786690222996,-3411.3935134075964,56.85655855679328,3311.8398761742787,55.19733126957132,0.5451845207560674,4.894476400842741,2.6683927709453314,56.39538097258124,2.5247530122734383,1.376456261023732,-6.385928437291395,,8.9381,-13.4445,9.9869,0.5678,6.4928,8.8335,39.1303,9.7436,9.7391,-6.3032
0,20014629.0,102.29844762105832,-3428.133598273303,57.13555997122172,2862.818180410512,47.71363634017519,0.5422450078687978,4.604604901960966,2.4968240212965287,55.571540750273634,2.50135749758493,1.356348615960617,-7.509709968284715,,5.8009,-13.4963,7.1598,1.6704,6.4884,8.8331,37.2539,9.7286,-10.518,-6.3032
0,19760700.0,105.30577750138868,-3462.117837801612,57.70196396336021,3013.7728886347063,50.22954814391178,0.5386604604920933,4.771511606432814,2.570224639164467,55.60276171913648,2.519417539926327,1.357110612228572,-7.2703109367703505,,6.003,-21.2731,5.5313,0.5544,6.4894,8.8332,37.3525,9.7758,5.0524,31.2531
0,19814676.0,108.12920134995544,-3357.1935811862254,55.95322635310376,3292.326596089027,54.87210993481712,0.5375849862561421,4.909245545893556,2.639136699317214,55.57216867037705,2.5230688668247185,1.3563639420952665,-6.309156469030578,,5.6929,-13.5221,4.1798,0.5479,6.4914,7.0476,27.6554,9.7827,4.4694,-6.3032
0,19592082.0,110.73376129669798,-3405.09950422016,56.751658403669325,3404.5908556012105,56.74318092668685,0.554645143292109,4.872857628843623,2.7027068177920177,57.19350846863068,2.516809876212612,1.3959363744309394,-6.120429384679957,,14.2955,-13.4398,8.3604,0.568,6.4953,8.8332,35.477,9.7271,4.4957,-6.3032
0,18977484.0,104.9049323864214,-3680.034522571079,61.33390870951799,2771.205807425976,46.18676345709961,0.5472138438691304,4.679050365179449,2.560441135987104,56.9920486178912,2.5420031244630548,1.3910193008647678,-8.414415250231677,,11.3712,-13.1846,8.1787,0.5473,6.4967,3.4481,35.3094,9.7215,5.6268,-6.3032
0,19726333.0,101.15506764736196,-3754.068320733844,62.56780534556407,2466.570091066052,41.109501517767534,0.5440244288773715,4.538246900300182,2.468917178040308,56.44870499124404,2.532529179314464,1.3777577403918295,-9.434857353962812,,7.6399,-13.6688,-1.0094,2.1273,6.4881,8.8334,25.5702,9.7852,4.5015,-6.3032
0,19969508.0,109.95897468223222,-3360.289471147613,56.004824519126885,3401.754562226756,56.69590937044593,0.5474262381532544,4.902571636563172,2.6837963482806213,56.34040257974434,2.511962852311292,1.375114374621489,-6.035957184878172,,10.5679,-23.6331,4.6363,0.5768,6.4891,8.8332,38.6905,9.7466,-2.2799,-6.3032
0,19891017.0,107.83645374758687,-3460.571147003665,57.676185783394416,3170.946205276154,52.84910342126924,0.5506058511012913,4.780173473148328,2.631991483594651,57.13390444629548,2.5326312667035804,1.3944815941290665,-6.807050225470802,,12.1657,-13.8595,10.5987,0.5761,6.4948,8.8333,34.8544,9.7219,4.3799,31.6232
0,19624715.0,108.14310754293598,-3468.300139551234,57.80500232585391,3182.075213843508,53.0345868973918,0.5435536307161417,4.855962322300376,2.639475950907156,56.32684080555347,2.529250572694919,1.3747833317792038,-6.86506748204856,,9.3078,-21.5502,3.9485,0.4376,6.4915,8.8334,19.163,-1.7281,5.5498,-6.3032
0,19620690.0,105.99276303996288,-3602.4642687591886,60.041071145986486,2915.673363630516,48.594556060508594,0.5548505861268586,4.662502056646873,2.586991998948201,57.35814908986444,2.523120262428859,1.3999547564772057,-7.803420474463445,,12.8847,-13.1397,4.4652,0.5396,1.8487,8.8333,39.6804,9.7386,-7.1905,-6.3032
0,19542307.0,104.7414269237035,-3608.171543312672,60.136192388544536,2833.013844449886,47.2168974074981,0.5486732481543445,4.659331282576521,2.556450429038408,56.68818363587016,2.521724547054825,1.3836027981831138,-8.078793907022897,,11.0814,-24.0543,9.6421,0.5766,2.9875,2.9736,23.8071,9.7771,4.2652,-6.3032
0,19612355.0,105.59059101382648,-3432.872346713596,57.21453911189327,3060.533289423988,51.00888815706647,0.5397200814226365,4.7750236850317735,2.5771761720803665,55.71956972975203,2.5197535369842385,1.3599615841461097,-7.055424490534923,,5.6308,-13.6717,6.835,1.306,6.4905,8.8332,31.794,9.7782,4.3197,-6.3032
0,19474121.0,108.05868568914988,-3446.2218244150145,57.43703040691691,3198.96191734155,53.3160319556925,0.547304762825697,4.81891578334078,2.6374155598783333,56.778053804085815,2.532037641203275,1.3857962606844956,-6.719371099704527,,10.5523,-13.3118,5.7028,0.8919,6.4935,8.8332,28.1774,11.6804,5.42,-6.3032
0,19861393.0,107.02845106696785,-3589.7819282736773,59.829698804561296,2992.046440262716,49.86744067104526,0.5438667960109813,4.8031437869212,2.6122704221728843,56.78012262531437,2.5481364112964635,1.3858467858107275,-7.628479036691371,,8.8944,-13.7694,4.2044,0.548,6.4976,8.8334,40.9195,9.7609,4.7031,-6.3032
0,19804345.0,112.1384168936502,-3466.1974412560216,57.76995735426703,3429.873707634776,57.16456179391294,0.5534342408194244,4.945466729941352,2.736990625182813,57.60204482207316,2.5403336709694893,1.4059076366210208,-6.233568450420872,,14.0001,-13.3154,2.8987,0.5541,6.4919,10.1615,18.9909,10.4362,5.2059,-6.3032
0,19395583.0,107.73450809127884,-3556.2026659197877,59.27004443199646,3069.0454298581626,51.15075716430271,0.5452621869494378,4.822456757122873,2.629503317857912,56.71734218687177,2.538805206623218,1.3843144792019952,-7.367417321986406,,11.271,-14.634,-4.0304,0.5653,6.4938,0.6104,43.8578,9.7607,4.1379,-6.3032
0,18976613.0,115.12065043078928,-3360.5906509426545,56.00984418237758,3718.8761193989303,61.98126865664885,0.5379304582869234,5.223312099948992,2.809778671701194,57.11789436356203,2.5915818546574942,1.3940908147639808,-5.3273875488959295,,6.6411,-6.5189,-3.7368,0.0425,6.4878,8.8334,44.3688,5.915,5.0482,-6.3032
0,19949348.0,104.8964144303462,-3472.220191345257,57.87033652242095,2978.496317888462,49.64160529814103,0.538303936156911,4.7561106628185525,2.5602330905930817,55.61028172288256,2.521427022085416,1.3572940907209776,-7.378222961004058,,6.044,-13.3159,1.8771,0.5625,6.9469,8.8333,42.119,9.7492,4.3281,-6.3032
0,19023681.0,104.85725703476317,-3526.874592875823,58.781243214597055,2921.433890692603,48.69056484487672,0.5409326842498443,4.731230854423943,2.559277405889228,56.029886741208166,2.5281066510446486,1.3675355168194665,-7.661207969215278,,6.8425,-13.1907,-0.3456,0.5554,4.0307,8.8333,42.3242,5.9365,4.4824,49.7893
0,18472779.0,99.59949844378517,-3666.207389109063,61.10345648515104,2458.769640962364,40.97949401603939,0.5476508349816039,4.438868485640555,2.4309500325345774,56.01925354681827,2.4966199935075637,1.3672760240761836,-9.228339653471382,,10.7249,-13.2075,4.7514,0.552,5.9475,8.8333,42.3983,8.6797,9.338,74.7886
0,19364655.0,110.1718302788762,-3373.935201524258,56.23225335873763,3401.1986130291093,56.68664355048515,0.5490400246270933,4.897623911494094,2.6889915529809585,56.7335264134152,2.522055545799528,1.38470943897667,-6.055224035041954,,11.8623,-13.2353,2.8161,0.5584,6.489,8.8333,42.5424,9.7269,5.1941,-6.3032
0,19518381.0,113.71458248240523,-3446.567609800569,57.44279349667615,3546.431517418977,59.10719195698295,0.5475223581942449,5.069127119135047,2.77546043425522,57.52675095756885,2.564406490256959,1.404069888914117,-5.931740130000298,,11.0008,-13.3243,5.4509,0.5566,6.4888,8.8334,20.9195,9.7761,5.3858,-7.839
0,20697856.0,109.59518368879948,-3378.4585739552545,56.30764289925425,3361.213745571773,56.02022909286288,0.5386997686878365,4.965506595236269,2.674917254271705,56.1040068845516,2.541943968956486,1.3693446280943002,-6.190818656391197,,6.3197,-13.3944,-1.3752,0.568,6.4888,8.8333,43.6725,9.7572,5.3435,-6.3032
0,19286029.0,105.93532433652352,-3546.460245558761,59.10767075931268,2968.145132706167,49.46908554510278,0.5494611124237317,4.70568345562642,2.585590066242443,56.88687719765017,2.5269346041822773,1.3884522986360164,-7.548109176566048,,11.9485,-5.5998,3.3756,0.5675,6.4898,8.8334,16.5558,9.7647,4.0172,-6.3032
0,20062347.0,101.85975621006426,-3530.432086874188,58.840534781236464,2733.541897165973,45.55903161943288,0.5401996314086182,4.6022183131974455,2.4861166364512526,55.5206632707658,2.5085295976816866,1.3551067640452563,-8.152922540880283,,6.057,-13.2559,1.1526,1.479,6.4872,8.8334,39.8017,9.7598,4.4772,-6.3032
0,20316380.0,108.52759902981832,-3470.2693727270425,57.83782287878404,3203.750693364131,53.39584488940218,0.5431827533883662,4.876554755561224,2.6488604391748765,56.514911965651336,2.539428358960557,1.3793736880526957,-6.802055683092227,,9.0204,-13.1855,3.4173,0.5605,6.4943,5.8782,41.995,9.7608,5.1436,-6.3032
0,18997839.0,113.40948321512244,-3494.2807501839293,58.23801250306549,3479.955973276596,57.99926622127659,0.5455795031097312,5.073529803101095,2.768013868988308,57.592190983141606,2.5764661745667543,1.40566713529916,-6.210321510783073,,10.3702,-13.5492,-2.3103,0.5625,6.4882,8.8334,40.0135,9.735,5.4041,-6.3032
0,19463357.0,103.68091851210608,-3622.823623522904,60.38039372538173,2753.144672158641,45.88574453597735,0.5458711639208946,4.635830821218892,2.5305663661191136,56.57153449390907,2.5294535096145934,1.38075573137711,-8.31274095633338,,10.5136,-22.917,-3.1568,0.5661,6.4911,8.8333,42.5435,9.778,4.6699,-6.3032
0,19703041.0,105.56047119195377,-3644.344650284349,60.73907750473914,2847.208735390131,47.45347892316885,0.5545936325521402,4.64563741366826,2.5764409287664103,57.70873350069958,2.539718214773336,1.408511550389981,-8.065183498228924,,14.209,-13.526,-3.1674,1.2523,6.4939,8.8333,39.2382,9.7793,4.2336,-6.3032
0,19758693.0,109.45408433570492,-3284.866460137064,54.74777433561773,3446.128804684223,57.435480078070384,0.5417997650358439,4.9307394434124525,2.6714734718938344,55.85430634973411,2.5161512525964054,1.363250157451377,-5.722425909338543,,6.9746,-13.5162,0.749,0.5667,6.4889,8.8334,39.7528,9.7519,-11.331,-6.3032
0,20022777.0,109.6392964653103,-3356.7146920751024,55.945244867918376,3385.67038953491,56.42783982558184,0.5441598071036778,4.917661739669314,2.6759938636595906,56.34827705098789,2.5273946028794896,1.3753065595777796,-6.054157187645986,,8.3287,-13.1197,2.3456,0.5595,6.4914,8.8333,40.7778,9.7526,-11.8904,-23.3067
0,19993254.0,109.04868149953394,-3443.185610915012,57.38642684858353,3262.8789755567896,54.38131625927983,0.5499336609499118,4.8398175665100105,2.6615785926805438,56.76456468948433,2.5193347921463345,1.3854670054035187,-6.567924432310566,,11.6691,-13.472,13.763,0.5674,6.4898,8.8333,42.0424,9.7462,5.3696,-6.3032
0,20120400.0,98.7169265657306,-3809.85614505454,63.49760241757568,2260.846189210831,37.68076982018052,0.5470546106690716,4.4043295382399,2.40940878080012,55.98837750275853,2.4979633525090854,1.3665223692724666,-8.569552200805864,,8.7881,-13.3519,3.7497,2.3057,6.4941,8.8333,41.2484,9.7384,4.7589,-6.3032
0,19101339.0,111.67875149428232,-3393.569218418384,56.559486973639736,3474.2343181185684,57.90390530197614,0.5437662750524014,5.012762936946039,2.725771429943883,56.671171669997015,2.543717091565189,1.3831875676675311,-5.966136421475324,,9.5087,-13.5761,-3.0383,0.5518,6.4905,8.8334,43.9627,9.7239,5.0314,-6.3032
0,19099206.0,101.41768977475596,-3665.94123935561,61.09902065592684,2570.8473993330667,42.84745665555112,0.5474459422615532,4.521591648800051,2.4753270006993136,56.4171328501785,2.515293311365749,1.376987116904805,-8.90580712323549,,10.5887,-28.9205,-0.6822,0.562,3.8742,8.8334,42.1639,9.7535,5.2368,-6.3032
0,20411037.0,110.03716873402756,-3196.5535240514305,53.27589206752385,3570.299135657589,59.50498559429315,0.5469109807222846,4.910679912921593,2.685704767189171,56.146526708852825,2.505677164012828,1.370382355143689,-5.158891501652625,,8.9581,-13.1282,13.5784,0.5557,6.7223,8.8333,42.8053,9.7577,-11.7403,-6.3032
0,19559699.0,108.56782119494213,-3350.926501884017,55.84877503140029,3325.5670690072047,55.42611781678675,0.5385975473747333,4.919892790060531,2.6498421900732354,55.90296588385739,2.5333160025486725,1.3644377856978789,-6.193252535689765,,6.1993,-19.3547,-0.4268,0.5667,6.4921,8.8334,39.7214,9.7409,4.3546,-6.3032
0,19424734.0,110.45312630008245,-3352.170704114238,55.86951173523731,3440.261708278067,57.337695137967785,0.5464702388277748,4.9332188342163015,2.695857274523859,56.64020410476353,2.529747513930408,1.3824317281115197,-5.906367934972697,,10.7247,-13.3294,-0.6042,0.5591,6.4879,8.8333,41.5649,9.7466,8.6007,-22.7937
0,19402655.0,101.79546027564624,-3560.0544145954973,59.33424024325829,2699.9656226116945,44.99942704352824,0.5412914090438214,4.590036632815642,2.484547396539537,55.75003916947076,2.513812712038972,1.3607052249718452,-8.312538682663652,,7.9956,-8.6864,-0.3571,0.3797,6.4883,8.8334,36.6201,8.6094,5.1941,-6.737
0,19372822.0,106.7499414134679,-3305.3718076744103,55.08953012790684,3259.329313667025,54.32215522778375,0.5412273956970641,4.814007301730987,2.605472634782513,55.62537749354628,2.5084882471110213,1.3576625611205917,-6.209834955928073,,6.8265,-7.4645,3.9294,0.3964,6.4888,8.8334,24.3268,8.904,-7.5762,23.2033
0,19677529.0,111.16793590764762,-3405.5122642205824,56.75853773700971,3430.878124824399,57.18130208040665,0.5439677170529784,4.987986868435469,2.7133038295130767,56.6317554385551,2.541006542557648,1.3822255279717657,-6.098787947698097,,9.4252,-7.7999,3.813,0.1914,6.4886,8.8334,40.3293,6.0989,5.2665,-7.6132
0,19471694.0,111.70509313413928,-3381.833083410905,56.36388472351509,3487.5903602699345,58.12650600449891,0.5455504970619819,4.997547298376625,2.7264144127201324,56.99537918099358,2.5499025626690424,1.3911006105237176,-5.883909945119161,,10.4719,-9.3309,1.5508,0.1872,6.488,8.8334,31.89,6.1001,5.27,-7.7383
0,19612135.0,110.73578060230358,-3390.398873498721,56.50664789164536,3419.4156656673736,56.99026109445622,0.5395274412572385,5.0094878485754695,2.702756160951152,56.179933218362,2.541479287547563,1.3711978170188062,-6.101357621698658,,6.8946,-7.0451,1.343,0.3451,6.5199,8.8334,30.3747,9.1286,5.308,-6.9999
0,19800395.0,108.08112072510812,-3366.024397750825,56.10040662918042,3280.5390103902223,54.675650173170375,0.5440221784081495,4.848999270889048,2.6379631464485884,56.55361591435465,2.537246472788837,1.3803183532849768,-6.299405448085901,,9.1298,-7.8621,-1.24,0.215,5.7427,8.8334,40.0994,8.4161,-4.4407,21.8112
0,18978896.0,103.85322962616698,-3632.158569165365,60.535976152756085,2754.4061816403355,45.90676969400559,0.5471602326912212,4.632595138849587,2.5347718341371603,56.4568380617804,2.518377854027988,1.377956212614372,-8.348846287173359,,10.1525,-8.1449,0.9199,0.0854,1.496,8.8334,20.9588,7.3984,5.2021,-7.0334
0,20764861.0,107.4287297861852,-3646.499804997028,60.77499674995047,2959.944128869908,49.33240214783179,0.5424303465118312,4.833874057634829,2.622039980077412,56.90770992721455,2.5606251069343364,1.3889607640412869,-7.868864592968682,,7.9719,-9.9952,1.8456,0.1587,4.1519,8.8334,35.3622,8.662,5.2591,-6.9866
0,19299366.0,112.01417869954255,-3550.569143972987,59.176152399549785,3337.8618451072025,55.63103075178671,0.5452036747496674,5.01456298082955,2.7339581644119164,57.75591328506368,2.585571470020202,1.4096630667829135,-6.676121729494417,,9.8979,-10.15,3.3143,0.5287,6.4879,8.8334,22.2841,9.01,7.164,-7.0965
0,19654022.0,109.61454910438164,-3392.997697476068,56.54996162460113,3347.865518867436,55.7977586477906,0.5397098292850698,4.957089544740039,2.6753899519424507,56.53647055716928,2.556744058022533,1.379899899080958,-6.241611794273089,,7.0294,-11.4607,2.7798,0.0495,6.4878,9.477,29.7801,6.192,5.0582,-6.971
0,20231948.0,111.2996280991948,-3413.737120684109,56.89561867806848,3430.75181966755,57.17919699445917,0.541772209290482,5.014133294107116,2.716518072425374,56.92805827579988,2.564652526198543,1.3894574651810003,-6.102721442914396,,7.9101,-13.205,-3.7039,0.3836,6.4887,8.8334,34.0591,7.2812,-5.3501,23.4869
0,19875498.0,104.09610881744165,-3462.729525689012,57.71215876148353,2938.7713391622806,48.97952231937135,0.5402516922632856,4.70280799654636,2.5406999785234827,55.71686114584608,2.517151727531671,1.359895480482438,-7.433186706000244,,6.7066,-10.6019,0.9149,0.1353,6.4883,8.8334,33.637,8.5971,-8.6188,-7.1394
0,19684040.0,112.50630209439322,-3349.358676734545,55.82264461224242,3569.335963634246,59.48893272723743,0.5420601693300359,5.065802233041726,2.745969616235072,56.8422049488796,2.5594243469086506,1.3873619948727196,-5.61242751573589,,8.0725,-12.9274,-0.7895,0.3137,6.4886,8.8334,31.5968,8.268,-3.1207,-6.7496
0,19554362.0,107.95157492322448,-3469.536727089653,57.82561211816088,3169.0601242586627,52.81766873764438,0.5405734593515957,4.874085343839276,2.6348011754941094,56.28627298332609,2.541362628590466,1.3737931876040126,-6.897599342586344,,8.4234,-8.4916,-0.3426,0.4541,6.4887,2.5046,37.6625,7.3019,5.3138,-6.7738
0,19614646.0,108.5211388939326,-3406.1392966632893,56.76898827772149,3267.483496504532,54.45805827507553,0.5420229615722332,4.886698463595647,2.648702773548594,56.17522746635096,2.529566133841055,1.3710829273573526,-6.480292358136227,,8.1705,-9.6864,-2.0571,0.4277,6.4882,8.8334,27.7358,6.2622,-2.5858,-6.4841
0,19709661.0,105.4212979095609,-3663.469297606119,61.05782162676866,2819.5254791277894,46.9920913187965,0.5466994866258497,4.706505643790102,2.5730442192617127,56.87281511258874,2.5390716165841667,1.38810914929283,-8.257077056975554,,10.5363,-13.0763,8.1764,0.3583,6.4884,8.8334,18.1896,5.9752,5.3648,-7.2445
0,19222418.0,112.24571454894802,-3551.3376996817133,59.18896166136189,3351.3318325779624,55.85553054296604,0.5408963766797305,5.064943320447752,2.7396094901183923,57.27712638370743,2.584556567325265,1.3979772825900378,-6.680556462559069,,7.6909,-7.363,2.6679,0.2457,6.4879,8.8334,24.2065,1.7409,5.2507,-7.2397
0,19320924.0,102.45269674105916,-3669.441661815285,61.15736103025475,2630.9958304682677,43.84993050780446,0.5447719847424722,4.590156813219126,2.500588837416565,56.13263134351432,2.514893100925964,1.370043306006588,-8.78881990484329,,7.5686,-12.8416,5.3501,2.0488,6.4885,8.8334,36.1982,9.0622,9.131,-7.3521
0,19096577.0,105.57514559167778,-3520.034313203116,58.66723855338528,2972.421490281116,49.54035817135193,0.5481667425481267,4.700757896842259,2.576799143819404,56.442525769263874,2.513116579102351,1.3776069288102273,-7.487972827839838,,11.0403,-11.2972,3.811,0.944,6.4886,8.8334,30.1952,6.7592,5.2302,2.8979
0,19329008.0,111.323940816497,-3383.808611773834,56.39681019623057,3462.175464972498,57.7029244162083,0.5443844039320274,4.991163250508513,2.717111431055517,57.05461647986021,2.558020340975353,1.3925463785678691,-5.940309071551088,,10.0498,-12.0674,-3.3834,0.2903,6.4882,8.8334,32.5632,6.2264,5.1611,-6.7265
0,19285124.0,103.51752817268384,-3602.9826958578087,60.04971159763015,2762.93773721866,46.04896228697767,0.5435904383905272,4.647944751376487,2.5265783250156946,56.38154573545203,2.531535617218684,1.376118555965138,-8.24470015327655,,9.4926,-11.564,-3.23,0.5503,6.4885,8.8334,21.9308,7.7317,5.2081,-6.7734
0,19835006.0,104.93306729205382,-3547.981219425219,59.133020323753655,2904.989296500832,48.41648827501386,0.5447378276207261,4.701578905455365,2.561127879345187,56.38437384414133,2.5263302551244378,1.3761876550290009,-7.736990322645997,,9.9201,-10.3974,-0.5257,0.4444,6.488,8.8334,24.7253,6.9106,5.2129,-7.2285
0,19410816.0,107.14140388682242,-3502.050225191907,58.36750375319845,3086.7242970691427,51.445404951152376,0.5384288622039421,4.856773733728369,2.6150271554333577,56.16104973091967,2.545808635099385,1.370736846785533,-7.192367590120343,,7.2224,-8.1284,-1.3429,0.4103,6.488,0.9639,29.9429,5.4393,1.9966,-7.5539
0,19354644.0,114.19824640079604,-3424.557091562098,57.07595152603496,3598.185462448804,59.96975770748008,0.5424933096396184,5.137879553638626,2.787265283583144,57.438525649887545,2.584209791558128,1.4019165226254773,-5.757599950442677,,8.4592,-13.1464,1.6284,0.4232,6.4882,8.8334,43.0353,7.7214,8.591,-0.571
0,13546465.0,0.0,0.0,0.0,0.0,0.0,0.5381707583893993,0.0,0.0,0.0,0.0,0.0,0.0,,5.9196,-13.096,-0.3083,0.3219,3.4404,3.1514,33.0887,7.8318,-0.3149,-5.0553
0,19184419.0,110.54259904439344,-3551.620815100288,59.193680251671466,3246.313818812045,54.10523031353409,0.5515300938055282,4.891919992808401,2.6980410925227565,57.761645736278425,2.5561670526792994,1.4098030543468143,-6.883844722089676,,13.9008,-13.0694,-0.1498,0.3541,6.4884,5.0511,33.6092,8.1348,7.3342,-3.7629
0,20579540.0,110.33746690180492,-3460.001088013142,57.66668480021904,3325.318726737305,55.421978778955086,0.541744703555547,4.971039555714478,2.693034350473438,56.99049463285284,2.5675956778287325,1.390981359335831,-6.474033062194467,,8.1387,-13.128,0.4975,0.3335,6.4883,8.8334,35.3526,8.1227,3.0344,32.3308
0,19360139.0,109.95412542091952,-3353.346390265124,55.88910650441875,3408.3994326300985,56.80665721050164,0.5417914132945092,4.953341692538622,2.683677996131116,56.28021814443946,2.535376912260736,1.3736454405280127,-6.002137839445662,,8.4314,-12.9678,1.3488,0.0328,6.4882,8.8334,35.5061,7.8385,3.6534,-6.1353
0,20003281.0,111.30155513919448,-3516.859243114654,58.61432071857757,3327.7482026102107,55.46247004350352,0.5421047286206302,5.011144526733019,2.71656514374336,57.14488111902809,2.572841483592043,1.394749534246564,-6.631423021164598,,8.2424,-13.1223,1.5468,0.4026,6.4886,8.8334,38.2905,8.2446,7.4968,-1.2374
0,19408247.0,110.92845771941052,-3388.7446794607104,56.47907799101184,3432.918743835727,57.215312397262124,0.5420470665981214,4.994877639344732,2.707458772423361,56.60139781981135,2.548643171808571,1.381484555084168,-6.040581780246172,,8.1927,-7.0539,0.6465,0.3448,6.4883,8.8334,39.0186,8.0184,2.3663,-2.9367
0,19223991.0,103.54073128783132,-3725.9945491619264,62.09990915269878,2641.3527841452155,44.02254640242026,0.5406185687568889,4.674542950051438,2.5271447192494136,56.77454546248939,2.563194676462994,1.3857106374347006,-8.88682748593001,,8.302,-12.9597,-0.5619,0.1696,6.4882,2.3816,31.3418,7.8116,-2.3941,-0.572
0,19303946.0,104.3161179984565,-3584.868841721917,59.74781402869861,2830.1617215834394,47.16936202639066,0.5440905926724964,4.6794961420966334,2.546069829362017,56.445399721729885,2.5320730420666693,1.377677122148105,-8.017432268696837,,8.0754,-12.9761,-0.3512,1.7208,6.4882,8.8334,38.3671,8.127,4.2568,-2.3684
0,20106357.0,110.09165379023796,-3358.965692946902,55.98276154911503,3411.237583210855,56.85395972018092,0.5442825827023414,4.936837437983758,2.6870346311274105,56.195172483936446,2.5199587961612773,1.371569681878143,-6.01495958742101,,8.1159,-13.1439,14.1102,0.4102,6.4884,8.8334,33.116,5.6667,-1.7902,-5.7312
0,19469873.0,110.96890559704248,-3362.401606103934,56.040026768398896,3461.7492024231524,57.69582004038587,0.5418573770479256,4.998448023674315,2.708445935418552,56.505141820074215,2.5451996028832986,1.379135180881766,-5.904228623174184,,8.2703,-13.102,0.0807,0.3629,6.4883,8.8334,37.7767,7.8913,4.9853,-4.7214
0,19329539.0,100.81535930445644,-3706.676250725193,61.77793751208656,2493.071435421146,41.551190590352434,0.5410124008707282,4.548187506521309,2.4606258425133443,56.270630962931165,2.5385951356556995,1.373411449179842,-9.236965414482649,,8.4079,-13.0527,-0.8413,0.3848,6.4886,3.29,39.2869,12.9626,0.6354,-3.3012
0,19343303.0,112.25105976676028,-3441.415950485072,57.356932508084526,3461.5822916258794,57.69303819376466,0.5527755034729492,4.956333892555163,2.7397399628372225,57.87398029132707,2.555368034929802,1.412544852067002,-6.072242700033874,,13.9576,-12.9942,0.0241,0.3965,6.4883,8.8334,42.9352,7.9964,4.5434,-2.0828
0,19702520.0,101.65124083477342,-3570.998213767134,59.5166368961189,2680.1528956197567,44.66921492699595,0.546809609586443,4.537278361699789,2.481027409546077,55.33661537142655,2.469990778987005,1.3506146935399983,-8.425579215750016,,8.4222,-13.0108,14.4874,0.3494,2.5434,10.3576,34.7403,7.8568,1.5152,-2.4911
0,19505740.0,101.61494541721666,-3644.63993235908,60.74399887265133,2604.2791517434907,43.40465252905818,0.5419011361716854,4.576741725540252,2.4801415410346226,55.85339663211815,2.515639503911534,1.3632279053680354,-8.806761874263064,,8.7479,-12.9435,0.7099,0.3437,6.4882,8.8334,39.7611,-2.8338,-1.1602,-2.9377
0,19265167.0,100.3908314103592,-3635.015515524965,60.58359192541608,2538.6253765049623,42.31042294174937,0.5417610569652266,4.522776626699155,2.4502642456981563,55.89628183631814,2.518221967654721,1.3642745948696742,-8.936799811570792,,8.1565,-26.2008,0.028,0.3221,6.4886,8.8334,36.7559,8.0224,3.2954,-1.7106
0,19751544.0,109.30955106807365,-3388.864191893234,56.48106986488724,3333.242845997647,55.55404743329412,0.5424634034041802,4.918204207372913,2.667945792968269,56.248802018621454,2.530822714434054,1.3728787030845024,-6.275704587058262,,8.1547,-12.9894,1.3737,0.4088,6.4886,8.8334,38.6588,7.7743,-0.8217,-0.9608
0,19682803.0,102.93418205059808,-3380.421107752178,56.34035179586965,2949.625835455534,49.16043059092557,0.5433116302591425,4.62412413785412,2.512340423858174,55.62646673007514,2.498914183663881,1.3576891390041177,-7.1533730960846285,,8.3707,-13.0072,-0.0729,0.3757,6.4886,8.8334,35.5155,8.2202,-8.7567,-3.6925
0,20334413.0,109.31337170083604,-3362.966998162969,56.04944996938282,3359.374993600932,55.9895832266822,0.544987879756497,4.895593119338035,2.6680389142585312,55.9697692390184,2.5066029243646537,1.3660682131409276,-6.150799125425057,,8.3094,-13.0228,14.4611,0.6045,6.4882,8.8334,36.0135,8.4378,-1.8463,-5.5326
0,19272924.0,108.62241430891603,-3412.142182787812,56.86903637979687,3267.708649679176,54.46181082798628,0.5426582440283729,4.885532587784259,2.651174535230399,56.854190398408846,2.5571425723753007,1.387654498055377,-6.456752381372789,,8.2718,-13.086,0.7415,0.3496,6.4884,8.8334,40.3665,8.0287,-2.1105,39.1217
0,19386293.0,113.49359055916538,-3478.996513522034,57.98327522536724,3500.412480465672,58.34020800776119,0.5421139305392266,5.109750016790734,2.770066665675304,57.31946252400059,2.580657842891685,1.3990105665868933,-6.135840697531704,,8.0792,-13.1262,4.3046,0.3534,6.4886,8.8334,36.1875,8.2525,5.6765,-5.9222
0,19672466.0,103.85389620918524,-3530.5384582626766,58.84230763771128,2856.0672847743053,47.60112141290509,0.5425888795659101,4.67165513023069,2.5347881228302054,55.69315555918944,2.5052427052208364,1.359316832466443,-7.847608220596304,,8.3603,-13.0309,0.1207,0.4005,6.4884,8.8334,34.9365,8.2588,-0.3884,-1.6643
0,19654464.0,112.2686632796788,-3482.182700971222,58.03637834952037,3421.898087879013,57.03163479798354,0.5539894065712632,4.946248958513554,2.740169525280652,58.04077264938106,2.557117034101952,1.416615748255409,-6.270223268164207,,14.601,-12.9721,1.0856,0.3687,6.4882,8.8334,36.4693,7.8715,7.849,-24.8802
0,19519272.0,108.00231914222836,-3385.0438889884954,56.41739814980826,3256.6735320480702,54.277892200801176,0.537112087656972,4.907801933165882,2.6360397421296504,55.54552467660065,2.524079441549197,1.3557135782625334,-6.474586413203275,,5.6078,-13.1363,-0.6086,0.3632,6.4885,8.8334,33.1974,7.8469,3.2607,-3.1394
0,19885112.0,103.88148387046871,-3654.6061591128905,60.91010265188152,2733.6961164801346,45.56160194133557,0.5417126968821685,4.680454139093335,2.535461434321559,56.501336182449,2.545707886972389,1.3790422849260198,-8.459845038448801,,8.1383,-12.9346,-0.2933,0.3611,6.4882,9.2959,35.4971,7.8679,4.2908,-3.7792
0,19534882.0,114.25556545678548,-3446.844937101517,57.44741561835863,3579.422513187039,59.657041886450656,0.5513990664863841,5.057434038766639,2.788664407792388,57.96261283792,2.5656701270558497,1.414708112970598,-5.839088596737218,,13.2174,-23.1455,2.6534,0.3693,6.4884,8.8334,39.088,8.1281,5.7719,-4.8824
0,20628062.0,110.27288459175732,-3443.907297579363,57.39845495965604,3337.4409593643504,55.62401598940584,0.5464788406212453,4.925090894969547,2.6914579622372097,56.87897916387225,2.540371945761989,1.3882595156667488,-6.405556524263239,,10.8234,-12.9944,0.4006,0.3718,6.4886,8.8334,39.9371,8.0384,5.5898,-3.7776
0,19596824.0,115.25843704581442,-3413.5603102812647,56.89267183802108,3674.3797944170874,61.23966324028477,0.5438461417045667,5.17267930729511,2.8131416835474963,57.5528078967123,2.582910423865281,1.40470586838764,-5.564133685443597,,9.6151,-13.0393,0.3547,0.373,6.9491,8.8334,32.0963,8.2179,4.6869,-2.1549
0,19507707.0,111.3215432702642,-3473.419083693425,57.89031806155708,3372.417553398758,56.20695922331265,0.5484972114507617,4.95363130826053,2.717052959136089,57.31660763870121,2.5504977180656456,1.3989408861705377,-6.393668129024214,,11.6202,-13.0173,5.4001,0.3708,6.4884,8.8334,42.3034,8.1983,5.6335,-4.8035
0,19242226.0,112.94418717765564,-3399.3845418815586,56.65640903135931,3546.2383071499085,59.10397178583181,0.5502406749622114,5.009911637347848,2.7566571608353176,57.75655241873064,2.5619310858428523,1.4096786898808422,-5.772832021391733,,12.6913,-13.0379,0.9604,0.3676,6.4886,8.8334,32.0913,8.1482,4.8322,-4.7279
0,19909852.0,100.96346254475507,-3549.66429368038,59.16107156133967,2659.1911586603824,44.31985264433971,0.5378355885066118,4.581773004865372,2.4642405804754746,55.21087019970743,2.5054972192936806,1.3475455714404962,-8.423849401117433,,5.099,-13.0731,3.8164,1.0955,6.4885,8.8334,28.1785,8.2315,4.7687,-5.786
0,19478921.0,111.83537996084478,-3426.347539860342,57.1057923310057,3451.088030722351,57.518133845372525,0.5470958692714738,4.989243086782698,2.729594283570071,57.16594774482844,2.55030930001869,1.395263683404849,-6.0903785775817605,,11.0724,-13.1125,2.0399,0.3717,6.4885,8.8334,40.647,7.9692,4.5768,-4.6834
0,19916040.0,104.59715742585692,-3670.8988841478,61.181648069130006,2761.414497487644,46.0235749581274,0.5495445298162249,4.645536587126245,2.552929219516362,57.05532129409687,2.534032368421208,1.3925636264431276,-8.400897733440063,,11.3424,-13.0564,3.0301,0.3902,3.0309,8.8334,38.9778,8.105,5.4236,-3.4859
0,19087872.0,112.98693526800236,-3536.393347403369,58.93988912338949,3411.8583408847626,56.86430568141272,0.5484076427757285,5.02855952185244,2.757700473936541,58.05666670982792,2.5838509868264024,1.4170036289692072,-6.45866587075235,,12.4253,-13.0884,0.1732,0.3786,6.4885,8.8334,37.0467,-1.9916,5.4941,-3.1419
0,19530601.0,109.9750247030383,-3434.4795132059767,57.24132522009961,3328.55153325888,55.475858887648,0.5440197779076461,4.933989858877849,2.6841880672253056,56.61654605700424,2.5400809396884103,1.381854268676734,-6.409956499258571,,9.2707,-29.3733,3.4113,0.3874,6.4886,8.8334,41.6072,8.0745,5.5569,-3.6324
0,19377206.0,106.30299052999835,-3513.540033078224,58.55900055130373,3023.675368579944,50.394589476332406,0.5438623950933918,4.770625660929911,2.594563898047337,56.328104132648285,2.5278714894752845,1.3748142427543282,-7.352813615354232,,8.1689,-25.358,2.7193,1.3296,6.4884,8.8334,36.9524,4.7533,5.0824,-2.3684
0,19334083.0,106.48100827875972,-3510.185854305647,58.50309757176078,3037.976938043677,50.63294896739462,0.5435001195590866,4.7817999119553445,2.59890882385536,56.28195035338396,2.527483817019518,1.3736877567337646,-7.314465502689393,,8.2029,-13.002,2.5835,1.229,6.4884,7.995,37.2448,8.0158,5.2419,-5.5612
0,19623775.0,102.53119887794315,-3489.5089743853305,58.15848290642218,2815.75609025288,46.92926817088133,0.5369158467408188,4.660888281786041,2.502504778379512,54.804796992380574,2.4913298477230645,1.3376344747009044,-7.880466046568534,,5.3735,-13.0806,1.4656,0.3915,6.4884,8.8334,40.0462,8.1712,4.5787,-22.6459
0,19212163.0,103.8323656111152,-3611.06499079944,60.184416513324,2774.216705222405,46.23694508704008,0.5500922440144178,4.606977697760477,2.5342626998854367,57.06147837786469,2.531782423918145,1.3927138749293944,-8.191505797812058,,12.949,-13.0847,0.6918,0.3812,6.4885,0.4637,38.3285,10.8867,-9.8116,-2.7699
0,19314892.0,103.9953908192489,-3582.24604193718,59.704100698953006,2813.06106255302,46.884351042550335,0.5478936356054376,4.632727079767371,2.538241682501507,56.53611542750036,2.518538474277801,1.379891201084236,-8.042400762994289,,10.5535,-13.0666,4.2061,0.3762,6.4884,8.8334,36.8016,8.2318,-11.7018,-3.529
0,20596106.0,110.445338054143,-3430.070949953158,57.16784916588597,3361.88251597627,56.03137526627117,0.5479596493692812,4.919462877703184,2.695667153551432,57.004705529823575,2.5391070157338254,1.391328190052589,-6.296211556646837,,11.0385,-13.1128,1.7822,0.3685,6.4885,8.8334,38.6138,10.4185,-4.7758,-3.0729
