Cl,Frontal Area y,Cd,Frontal Area x,AOA,Unnamed: 5
-1.109890698035,0.9999369999999576,0.1413194298979714,0.1510901380324383,0.0,
-1.16165260509589,0.9998855418663736,0.1485860182771252,0.1486659341928882,0.5,
-1.2083720579492534,0.999757938577562,0.15421834471267,0.1475292513969145,1.0,
-1.2621771610746677,0.9995541998510076,0.1537984406968972,0.1537506002745022,1.5,
-1.3110853061041428,0.9992743412022032,0.15338079844074,0.1599650996711732,2.0,
-1.3583946883063114,0.9989183839434682,0.1529373874137252,0.1661712296616575,2.5,
-1.4094768974081318,0.998486355182326,0.1531298663089924,0.172364705069645,3.0,
-1.4552196000887223,0.9980360388795002,0.1533871493577561,0.1787677555740526,3.5,
-1.5033028361584173,0.9975122408833844,0.1539605408558207,0.1851859791132231,4.0,
-1.5516835038831387,0.9969124784681,0.1545983015596697,0.1915901000231075,4.5,
-1.6014993801011732,0.9962367973078764,0.1557064026533115,0.1979855358331481,5.0,
-1.642467130232102,0.99548524885845,0.1562517312542425,0.2043687564199948,5.5,
-1.6911765981713789,0.9946578903531454,0.1578831890264403,0.2107364135347942,6.0,
-1.7351522379496256,0.9937547847985158,0.1596414796209377,0.2172156762148527,6.5,
-1.77703773993776,0.9927760009695455,0.1607005751720171,0.2237902179956451,7.0,
-1.825437877787875,0.9917216134044132,0.1629878014925174,0.2303477172848982,7.5,
-1.865569783475728,0.9905917023988136,0.1647514954631469,0.2368915594228217,8.0,
-1.9048401255322485,0.9893863539998444,0.1665024306349603,0.243422321787402,8.5,
-1.9410623203823696,0.9881056599994534,0.1687178344022668,0.2499345465997305,9.0,
-1.979949823664669,0.9867497179274468,0.1711553887702082,0.256503607626505,9.5,
-2.0183660767000475,0.985318631044063,0.1739085745920828,0.2632067761480895,10.0,
-2.043595882545387,0.9838125083321092,0.1756265317719025,0.2698899004546239,10.5,
-2.0797933712891026,0.9822314644886608,0.1787186009063146,0.2765538824813418,11.0,
-2.1089332359145243,0.9805756199163276,0.1827495982023236,0.2832042038911384,11.5,
-2.12749270647662,0.9788451007140851,0.1868217488167683,0.289832958204339,12.0,
-2.158813925837267,0.9770415817034626,0.1915749856675936,0.2964396406156385,12.5,
-2.183851819962075,0.975166394965126,0.1970104279899854,0.3032394451383508,13.0,
-2.186334800985563,0.9732169455303026,0.2032231216311179,0.3100204906529177,13.5,
-2.1992330107108944,0.9711933818571143,0.2105400188063387,0.3167780624323898,14.0,
-2.1915122558013582,0.9690958580477698,0.2209998926314733,0.32352016052208,14.5,
-2.1725493647830185,0.9669245338368276,0.2349487324346596,0.3302376212989871,15.0,
-2.128452096662524,0.9646795745790332,0.2563411417786159,0.3369387896933619,15.5,
-1.9771138563344277,0.962361151236726,0.3154150055562397,0.3438160686527829,16.0,
-1.7768092176414485,0.9599694403668192,0.3973163625043023,0.350667164687438,16.5,
-1.6682302256698829,0.9575046241073556,0.4507727617673484,0.3574924753336536,17.0,
-1.609026493309407,0.9549668901636365,0.4829287248486972,0.3642983812490118,17.5,
-1.5881969455573215,0.9523564317939266,0.5087096182315188,0.3710765444321994,18.0,
-1.554603022599894,0.949673447794738,0.5297437021135698,0.3778555357683142,18.5,
-1.5312655267221842,0.9469181424856892,0.5496494213623637,0.3847769406704631,19.0,
-1.523420734957173,0.9440907256939478,0.566601467048682,0.3916690433188555,19.5,
-1.5189084800456012,0.9411914127382488,0.5771395138640669,0.3985326751592117,20.0,
-1.5092451244998466,0.9382204244124992,0.5934269989257652,0.4053732499786944,20.5,
-1.5016636729817725,0.9351779869689624,0.6098879243130875,0.4121829540557249,21.0,
-1.4926226385494368,0.932066079341864,0.6260031284991608,0.4189858068480915,21.5,
-1.489777145212844,0.9289316830369894,0.6397989607826142,0.4259213369995033,22.0,
-1.4845847998835182,0.925726544987946,0.6534162307799672,0.432824431592081,22.5,
-1.47863814674555,0.9224509092784056,0.6699597670506767,0.439694564928445,23.0,
-1.4751392981073777,0.91910502536071,0.6830397409298381,0.4465383123163566,23.5,
-1.4684958039973797,0.9156891480368734,0.7003128262653535,0.4533496802827512,24.0,
-1.4591713125505277,0.912203537439179,0.7195661969148373,0.4601265239157776,24.5,
-1.453395828567598,0.9086484590103692,0.7357127150841385,0.4669739588919571,25.0,
-1.4386845003036597,0.90502418348343,0.7574658427524269,0.4738574003867518,25.5,
-1.431246532230769,0.9013309868609748,0.7750711176590266,0.4807047558058936,26.0,
-1.4300149963713804,0.8975691503942255,0.7947701184257201,0.487517226944577,26.5,
-1.4210009816788118,0.8937389605615934,0.8159312845880866,0.4942996188671732,27.0,
-1.4090987090819345,0.8898407090468635,0.8379207511576945,0.501044367960034,27.5,
-1.39820762424751,0.8858746927169813,0.8636770836041855,0.5077509605844025,28.0,
-1.3871291359040103,0.8818412135994455,0.8880653849607217,0.5145393603923989,28.5,
-1.3751639601161565,0.8777405788593067,0.9140916131428688,0.5213331854276722,29.0,
-1.365247099691769,0.8735731007757772,0.939586177749648,0.5280873089224516,29.5,
-1.3575212038902045,0.8693390967184477,0.9636625956826904,0.5348012165240832,30.0,
-1.3528392023943083,0.86503888912312,0.9869494589209896,0.5414823601285337,30.5,
-1.3489701623561507,0.8606728054672512,1.0081426973526324,0.5481231157654104,31.0,
-1.3486887485585977,0.856241178245016,1.0250671031473657,0.5547221297048766,31.5,
-1.3482567273335335,0.8517443449419849,1.0426322729700512,0.5613072957723682,32.0,
-1.351410951187181,0.847182648009424,1.0589350293807762,0.5679733571906852,32.5,
-1.353800053571614,0.8425564348382163,1.0719365742824802,0.5745961652388539,33.0,
-1.3577513060035322,0.8378660577324059,1.0871629746585618,0.5811752155644001,33.5,
-1.362528576544307,0.8331118738823686,1.1029287435409167,0.5877106148838347,34.0,
-1.3657763151246949,0.8282942453376116,1.1161231583553923,0.5942094605377378,34.5,
-1.3700578526492415,0.8234135389792006,1.1305116025885351,0.6006630548406454,35.0,
-1.3757199645762397,0.818470126491821,1.1476335760786125,0.6070709063263654,35.5,
-1.3830120091743825,0.8134643843354732,1.165069571040132,0.6134325270121981,36.0,
-1.3840135473241917,0.8083966937168029,1.17706953894636,0.619862936268937,36.5,
-1.3893363825484466,0.8032674405600709,1.1930880272279432,0.6262696673232333,37.0,
-1.3951126374228766,0.7980770154777639,1.2094714044184758,0.6326287055176614,37.5,
-1.4011536363083084,0.7928258137408475,1.2567950252053264,0.6389400968015867,38.0,
-1.403582262422972,0.7875142352486648,1.2567963821696966,0.6452095212384258,38.5,
-1.4127345020873376,0.7821426844984826,1.27029959306388,0.6514299515593415,39.0,
-1.4208743112418414,0.7767115705546873,1.2817625656304517,0.6576004934394087,39.5,
-1.4277683062410684,0.7712213070176331,1.29121515690542,0.6637210937076682,40.0,
-1.438853485638977,0.7656723119921449,1.3044970633803334,0.6697911493257268,40.5,
-1.4450996288793214,0.7600650080556774,1.3123678295859291,0.6758628093069301,41.0,
-1.4530134392000178,0.7543998222261353,1.3211926023089269,0.6819592146283882,41.5,
-1.4543823670140696,0.7486771859293531,1.3254504540043464,0.6880036859590392,42.0,
-1.4602670444658754,0.7428975349662407,1.3327816031788149,0.6939957634578791,42.5,
-1.4684510138272897,0.7370613094795957,1.3422716746218213,0.6999349903361172,43.0,
-1.4716140779914406,0.7311689539205851,1.3472967060792136,0.7058209042716103,43.5,
-1.4798397744354947,0.7252209170148977,1.3559403483979198,0.7116540719633148,44.0,
-1.4659048158757004,0.7192176517285728,1.3448225980502226,0.7174363105062971,44.5,
-1.451698570291201,0.7131596152335042,1.3334284183301144,0.723163913496567,45.0,
-1.4420825735046643,0.707047268872626,1.325757774415579,0.7288364447549809,45.5,
-1.431986818103205,0.7008810781247784,1.317676601380996,0.7344534722963217,46.0,
-1.350669299131031,0.69466151256926,1.2437905274639491,0.740014568362195,46.5,
-1.4649798189578311,0.6883890458500681,1.3508245416990468,0.7455321612024819,47.0,
-1.4635425442770136,0.6820641556398281,1.3502802982082405,0.7510958663762428,47.5,
-1.4497969939249515,0.6756873236034175,1.339062755932813,0.7566023726917933,48.0,
-1.4560088744720536,0.6692590353612846,1.3461082416539536,0.7620512608073582,48.5,
-1.4654075371826851,0.6628840374856774,1.3557883785131484,0.7674421157690111,49.0,
-1.492901101897546,0.6564924481909273,1.3828186677674568,0.7727745270422752,49.5,
-1.4702541089536183,0.6500536898004076,1.3626958555649735,0.7780480885433869,50.0,
-1.5046730921329303,0.6435654273046241,1.395446455778892,0.7832623986702203,50.5,
-1.4831601548380664,0.6370397791850387,1.3774309915423206,0.7884206824189107,51.0,
-1.4923073829216378,0.6305298716651555,1.386438944843248,0.793519605235047,51.5,
-1.4972811433529691,0.623971946854349,1.3923362667678587,0.7985580984610084,52.0,
-1.4990225239847883,0.6173665041639842,1.3953366508811114,0.8035357783960287,52.5,
-1.5107741214630803,0.6107140466240957,1.40754113961949,0.8084522659705089,53.0,
-1.515156979156645,0.6040150808450812,1.412721520140022,0.8133071867748851,53.5,
-1.5194850369712285,0.597270116979121,1.4185525895269002,0.8181001710881418,54.0,
-1.5131293637477097,0.5904796686813273,1.4137726717190242,0.8228989573182605,54.5,
-1.5421231142675351,0.5836521574087034,1.441414677955596,0.8276710227906326,55.0,
-1.5419802063792922,0.5767810059599617,1.442214318978693,0.8323800579101607,55.5,
-1.5479735784065562,0.5698659304045175,1.4489982101134842,0.8370257040655884,56.0,
-1.5370142573447745,0.5629074573521473,1.440726521194675,0.8416076074729747,56.5,
-1.572090887446574,0.5559061167175152,1.4743298819803137,0.8461254192026357,57.0,
-1.5496112297409323,0.5488624416798166,1.4549670500014458,0.8505787952057167,57.5,
-1.5512772066276037,0.5417895039090657,1.457629639839948,0.8549680766019998,58.0,
-1.5719560289960184,0.5347530193988433,1.4776357304195895,0.8592959483661416,58.5,
-1.5866655976403952,0.5276758113758133,1.4925491692639112,0.8635583814169159,59.0,
-1.59851856045242,0.5205584187967668,1.5051237799859956,0.8677550511535431,59.5,
-1.579027458079132,0.5134336775854436,1.488923439063651,0.8718856379833747,60.0,
-1.5850607263240075,0.5062884040079418,1.4935510145133764,0.8759498273462314,60.5,
-1.5865136382727385,0.4991081678118075,1.4965975210178706,0.8799473097383578,61.0,
-1.609548544341623,0.491895091170172,1.5221122334588726,0.8838777807359933,61.5,
-1.5890748730962416,0.4846445548128948,1.5047792600198084,0.8878190378960844,62.0,
-1.6056722368913532,0.4773571108963908,1.5202226202403568,0.8917078792054405,62.5,
-1.6095829994775266,0.4700333143877289,1.5260313056462076,0.8955288135074073,63.0,
-1.6084333461520124,0.4626737230223682,1.5250869352394387,0.8992815498230451,63.5,
-1.6109385282445168,0.4553168889520501,1.5309004182746613,0.9029658023669536,64.0,
-1.62894954836552,0.4479981742066097,1.5499422336329145,0.9065812905690376,64.5,
-1.625287014987009,0.4406453426657079,1.5473180068470729,0.9101277390958726,65.0,
-1.624434423716689,0.4332589542759346,1.5485457820740325,0.9136048778716728,65.5,
-1.6305663869813805,0.4258459058771814,1.556290662372424,0.9170145271185912,66.0,
-1.633422500004137,0.4184027669221666,1.5621639404954302,0.9203566390080212,66.5,
-1.6452687807904138,0.4109277649765384,1.5761731780700945,0.9236286621760852,67.0,
-1.6478197913941195,0.4034539557034676,1.580746481661922,0.9268303474455504,67.5,
-1.6555488322967251,0.3960494391626711,1.591032273196341,0.9299614509956884,68.0,
-1.6417615195497883,0.3886147619237149,1.581267242580575,0.9330217343808404,68.5,
-1.6580937730462435,0.3811570183054978,1.6007622135906698,0.9360109645485792,69.0,
-1.6583135901437964,0.3736724137798006,1.6042379295969544,0.9389289138574536,69.5,
-1.6528837396519234,0.3661865234302591,1.6035696099437444,0.9417753600943268,70.0,
-1.6327308766890083,0.3587996249220684,1.587850741704842,0.9446266079151958,70.5,
-1.6508384448811997,0.3513873596916783,1.6100796446170655,0.947411954711913,71.0,
-1.651004138728827,0.343959299816663,1.6136184584355484,0.9501251524202244,71.5,
-1.6324667425840078,0.3365305022412945,1.6020212272399803,0.9527659944196196,72.0,
-1.6452266165216234,0.3292252925680682,1.6204314320130595,0.9553342795997568,72.5,
-1.6376315741986898,0.3218993271841317,1.620154768558021,0.9578298123757748,73.0,
-1.6386628687312506,0.3145533182382954,1.6250585270877536,0.960252402703192,73.5,
-1.637067829616032,0.3073499997446734,1.6325698807502675,0.9626018660923746,74.0,
-1.602868780467071,0.3001554945156829,1.601267553718788,0.9648780236225898,74.5,
-1.611463479488967,0.2929714972073973,1.623635480971986,0.967080701955629,75.0,
-1.596048772825297,0.2859496607302189,1.621728736432477,0.9692131861663258,75.5,
-1.6061565878546675,0.2789145494231922,1.6405530021225985,0.9712727920047473,76.0,
-1.5866459256343033,0.27203648193378,1.6324840692615958,0.973258431659622,76.5,
-1.572598585880383,0.2651972489771191,1.6344393646851925,0.9751699539168024,77.0,
-1.5792339337971544,0.2585085718864092,1.653930718420942,0.9770072132064684,77.5,
-1.5543794813666345,0.2518862648578689,1.6483818574362947,0.9787700696142114,78.0,
-1.5382539728011275,0.2454640607351666,1.6470271241415255,0.9804583888916908,78.5,
-1.5087689223202814,0.2391190887810919,1.6405114314955531,0.9820720424668572,79.0,
-1.494051349179546,0.232993351888186,1.6458139015170714,0.9836109074537432,79.5,
-1.466490918162053,0.2270136156506281,1.6468964557054837,0.985074866661822,80.0,
-1.451857180360554,0.2211772582038669,1.6569586493630686,0.9865280640140518,80.5,
-1.4225726107565575,0.2156026879890506,1.6624257570119978,0.98791317370721,81.0,
-1.3788566482960989,0.2102158904060851,1.6457136921294284,0.989223049987329,81.5,
-1.3512591642841616,0.2050391164749314,1.6648762665489616,0.9904575931022588,82.0,
-1.3122663904286689,0.2000984538304135,1.6613334200622043,0.9916167090367614,82.5,
-1.262913932520536,0.1955002210913432,1.6599082930086166,0.9927003095196704,83.0,
-1.222501952333095,0.1912049908329418,1.6716731253262171,0.9937083120306142,83.5,
-1.17088622589385,0.1872127793320489,1.6714920079197615,0.9946406398062986,84.0,
-1.089451575493532,0.1834729574631206,1.6249470867725544,0.995497221846354,84.5,
-1.0490972412964843,0.1799083094592779,1.6650098292779445,0.9962779929187416,85.0,
-0.9873718676808546,0.176531694593891,1.6674209674258054,0.9969828935647213,85.5,
-0.917144473046786,0.173279990963147,1.668724265130072,0.9976118701033796,86.0,
-0.8442465477185119,0.1701875844455146,1.6589492464259503,0.9981655440396084,86.5,
-0.7661957341299248,0.1670895454331365,1.6670372932659383,0.998646887005358,87.0,
-0.6913675866941791,0.1642391777202488,1.6611143211403556,0.9990521791442434,87.5,
-0.6102021727385363,0.1614084259778817,1.673259641936015,0.9993813895916992,88.0,
-0.5238753302946682,0.1585740188588088,1.6571504395054908,0.9996344932770752,88.5,
-0.4370169598673597,0.1560422343362094,1.6573013639408296,0.999811470925546,89.0,
-0.3472917285588778,0.1535677003449231,1.6596213326918996,0.999912309059578,89.5,
-0.1586394580717625,0.1486659341928881,1.672816020894626,0.9998855418663736,90.5,
-0.0595339769210786,0.1475292513969147,1.6576835057807058,0.999757938577562,91.0,
0.0414459815080807,0.1537506002745024,1.659494588289751,0.9995541998510076,91.5,
0.1298734462519012,0.1599650996711733,1.660677037062524,0.9992743412022032,92.0,
0.2187910112435222,0.1661712296616578,1.6577952375384013,0.9989183839434682,92.5,
0.2955074021261746,0.1723647050696451,1.6550387966203843,0.998486355182326,93.0,
0.3712097823613333,0.1787677555740529,1.662499770524389,0.9980360388795002,93.5,
0.4309981638095618,0.1851859791132233,1.6319313896853782,0.9975122408833844,94.0,
0.5014717972338734,0.1915901000231077,1.6542244760245943,0.9969124784681,94.5,
0.5524416786956607,0.1979855358331483,1.6356687222643107,0.9962367973078764,95.0,
0.6143729845466404,0.2043687564199951,1.6491532203407804,0.99548524885845,95.5,
0.6660838250163931,0.2107364135347945,1.6550139990214217,0.9946578903531454,96.0,
0.7005378725417508,0.2172156762148528,1.6232048177736422,0.9937547847985158,96.5,
0.7447149011361669,0.2237902179956454,1.6236929988879056,0.9927760009695455,97.0,
0.789578717628288,0.2303477172848984,1.6355031220872471,0.9917216134044132,97.5,
0.8231298924485487,0.2368915594228219,1.6195125627139562,0.9905917023988134,98.0,
0.8658811970865034,0.2434223217874022,1.6144162893846263,0.9893863539998444,98.5,
0.8995684609090104,0.2499345465997307,1.6220206435557838,0.9881056599994532,99.0,
0.9302122826280432,0.2565036076265052,1.619799579631722,0.9867497179274468,99.5,
0.963111336012172,0.2632067761480898,1.620765854570264,0.985318631044063,100.0,
0.9903660680493532,0.2698899004546242,1.6202429410636532,0.983812508332109,100.5,
1.0202926540699058,0.276553882481342,1.6183635323638563,0.9822314644886606,101.0,
1.0446166941172377,0.2832042038911386,1.6178535320363678,0.9805756199163276,101.5,
1.0623403062710053,0.2898329582043392,1.6024833030525945,0.9788451007140851,102.0,
1.0916408581651758,0.2964396406156387,1.6124454180380514,0.9770415817034624,102.5,
1.0943678250160014,0.303239445138351,1.5716826676801054,0.975166394965126,103.0,
1.1242135311131816,0.3100204906529179,1.5963126388170044,0.9732169455303026,103.5,
1.1443738808854511,0.31677806243239,1.5973196507071696,0.9711933818571143,104.0,
1.1590621651012751,0.3235201605220802,1.590447033546453,0.9690958580477697,104.5,
1.17131043455063,0.3302376212989873,1.577609526173293,0.9669245338368276,105.0,
1.1878291623570842,0.3369387896933622,1.576539972304796,0.9646795745790332,105.5,
1.198684913155797,0.3438160686527832,1.569105686663165,0.9623611512367258,106.0,
1.215977081088726,0.3506671646874383,1.573714462028852,0.959969440366819,106.5,
1.2313543275496968,0.3574924753336538,1.5754941824215525,0.9575046241073556,107.0,
1.239314704287768,0.3642983812490119,1.5677485255254624,0.9549668901636365,107.5,
1.2492757737780096,0.3710765444321997,1.5607889525372212,0.9523564317939264,108.0,
1.2611406432269603,0.3778555357683143,1.5592521853773955,0.9496734477947378,108.5,
1.2699274338122872,0.3847769406704633,1.5546933664796083,0.9469181424856892,109.0,
1.2809959729911793,0.3916690433188556,1.553840867917162,0.9440907256939478,109.5,
1.2690787962474392,0.398532675159212,1.5276514327110866,0.9411914127382488,110.0,
1.29872299799476,0.4053732499786946,1.5483844211255202,0.9382204244124992,110.5,
1.3059781663389505,0.4121829540557252,1.5443648067252491,0.9351779869689624,111.0,
1.3010907167815882,0.4189858068480917,1.5253908669206082,0.932066079341864,111.5,
1.2983395208700423,0.4259213369995036,1.5130112684330048,0.9289316830369893,112.0,
1.3170558509402186,0.4328244315920813,1.5243690782059192,0.9257265449879458,112.5,
1.323989884348966,0.4396945649284452,1.521640919125766,0.9224509092784056,113.0,
1.2978329759269271,0.4465383123163569,1.4769277266474503,0.91910502536071,113.5,
1.3231527301421375,0.4533496802827514,1.5011104623767009,0.9156891480368732,114.0,
1.306910218406499,0.4601265239157778,1.470807486012315,0.9122035374391788,114.5,
1.302457753853284,0.4669739588919573,1.455490294449758,0.908648459010369,115.0,
1.3043965598118978,0.473857400386752,1.452028857685142,0.9050241834834298,115.5,
1.3250702421771985,0.480704755805894,1.4704459264292185,0.9013309868609746,116.0,
1.3266804725773975,0.4875172269445773,1.463613909718556,0.8975691503942254,116.5,
1.3181309130017878,0.4942996188671735,1.44721987424899,0.8937389605615933,117.0,
1.3195402807959866,0.5010443679600342,1.4416132919000513,0.8898407090468635,117.5,
1.3141491602852704,0.5077509605844025,1.4292810822883095,0.8858746927169813,118.0,
1.3142753165914112,0.5145393603923992,1.423772296168964,0.8818412135994452,118.5,
1.317218000829452,0.5213331854276724,1.4217573371095942,0.8777405788593066,119.0,
1.3269875835263805,0.5280873089224516,1.4272785045682144,0.873573100775777,119.5,
1.3750635757054896,0.5348012165240834,1.4760919285227352,0.8693390967184476,120.0,
1.3384690077379622,0.5414823601285341,1.43091237243236,0.8650388891231198,120.5,
1.365532249688376,0.5481231157654106,1.4552085788263645,0.860672805467251,121.0,
1.3345202140880768,0.5547221297048767,1.416422978805352,0.8562411782450159,121.5,
1.3334584734607469,0.5613072957723683,1.4102807202833525,0.8517443449419848,122.0,
1.3379498530014218,0.5679733571906855,1.4106990363750238,0.8471826480094238,122.5,
1.3333873138957453,0.5745961652388542,1.402176304923727,0.8425564348382161,123.0,
1.324051628964428,0.5811752155644003,1.3876136750718662,0.8378660577324057,123.5,
1.323873976715483,0.5877106148838349,1.382988709645765,0.8331118738823686,124.0,
1.3337811895306817,0.5942094605377379,1.3900245814042984,0.8282942453376116,124.5,
1.3132816553427722,0.6006630548406457,1.364593597220227,0.8234135389792002,125.0,
1.3064270102198223,0.6070709063263657,1.353528480138713,0.8184701264918208,125.5,
1.377453375742723,0.6134325270121982,1.4246025732923853,0.8134643843354731,126.0,
1.3732995907783818,0.619862936268937,1.4170500824628611,0.8083966937168028,126.5,
1.3637397659298225,0.6262696673232336,1.4037499738812496,0.8032674405600706,127.0,
1.3589188483699977,0.6326287055176617,1.3955831624614643,0.7980770154777638,127.5,
1.3513359248520116,0.6389400968015869,1.3845630385714465,0.7928258137408473,128.0,
1.3486159689928117,0.6452095212384259,1.378677462190181,0.7875142352486647,128.5,
1.3457347640537538,0.6514299515593415,1.3722550140344043,0.7821426844984826,129.0,
1.339439320678823,0.6576004934271317,1.362862877057729,0.7767115705546871,129.5,
1.3363922486472315,0.6637210937114697,1.3565307872629666,0.7712213070176329,130.0,
1.3292769272581295,0.6697911493257922,1.346471107490384,0.7656723119921447,130.5,
1.3265247741890536,0.6758628093069302,1.3408479121438657,0.7600650080556773,131.0,
1.320909666600653,0.6819592146283884,1.3324738637269973,0.754399822226135,131.5,
1.309460119218226,0.6880036859590393,1.3180197942433938,0.7486771859293528,132.0,
1.3041630650313984,0.6939957634578792,1.3100999447864614,0.7428975349662404,132.5,
1.3018517286770437,0.6999349903361173,1.305373276519607,0.7370613094795956,133.0,
1.2948464688461834,0.7058209042716103,1.2958070111008713,0.7311689539205851,133.5,
1.2881259964987974,0.711654071963315,1.2866124405370718,0.7252209170148974,134.0,
1.2803360979706957,0.7174363105062973,1.275904560596325,0.7192176517285725,134.5,
1.2718992023395168,0.7231639134965671,1.2654459639323103,0.7131596152335041,135.0,
1.267149698405117,0.728836444754981,1.2581556061437096,0.7070472688726259,135.5,
1.257747043659856,0.7344534722963221,1.2462852615091888,0.700881078124778,136.0,
1.2517514381849573,0.7400145683621953,1.2378222483496837,0.6946615125692597,136.5,
1.2446424776297274,0.7455321612024821,1.228293468913679,0.688389045850068,137.0,
1.2383012502851465,0.7510958663762429,1.2197357876556203,0.682064155639828,137.5,
1.2305436931892246,0.7566023726917936,1.2100329500272664,0.6756873236034171,138.0,
1.2220663056057466,0.7620512608073584,1.1995725548774177,0.6692590353612844,138.5,
1.2156607551658385,0.7674421157690113,1.1907999086410186,0.6628840374856771,139.0,
1.207879628508392,0.7727745270422753,1.180631413659359,0.6564924481909274,139.5,
1.200577589481196,0.7780480885433869,1.1709073348758785,0.6500536898004073,140.0,
1.192190774184867,0.7832623986702205,1.16046343022233,0.6435654273046238,140.5,
1.186835329587424,0.7884206824189111,1.1524331070826097,0.6370397791850385,141.0,
1.178009815527576,0.793519605235047,1.1416010286824474,0.6305298716651551,141.5,
1.1695865747697074,0.7985580984610086,1.1309167806696003,0.623971946854349,142.0,
1.1621039066325851,0.8035357783960291,1.12093745613748,0.617366504163984,142.5,
1.1539247388212115,0.8084522659705091,1.1104567684881617,0.6107140466240952,143.0,
1.1441362782131836,0.8133071867748853,1.0982480766011988,0.604015080845081,143.5,
1.1375412829618377,0.8181001710881419,1.089222545279502,0.5972701169791208,144.0,
1.1290231363200622,0.8228989573182605,1.0784606116347588,0.5904796686813272,144.5,
1.120960588151554,0.8276710227906329,1.0680771424879951,0.583652157408703,145.0,
1.1121570257133528,0.8323800579101608,1.0574238575653063,0.5767810059599615,145.5,
1.1053304552446583,0.8370257040655885,1.04842617497681,0.5698659304045172,146.0,
1.0965965418884986,0.8416076074729748,1.0370884356478784,0.5629074573521472,146.5,
1.089686099298999,0.846125419202636,1.0282760178572927,0.5559061167175147,147.0,
1.0813562226072475,0.8505787952057169,1.0175453283002098,0.5488624416798163,147.5,
1.073463313875696,0.8549680766019998,1.007590191661906,0.5417895039090657,148.0,
1.0680006559022424,0.8592959483661418,0.9990336208379342,0.5347530193988432,148.5,
1.0588982912963234,0.8635583814169162,0.9875803752868324,0.5276758113758128,149.0,
1.0512218748976676,0.8677550511535433,0.9777230829948478,0.5205584187967663,149.5,
1.0441597327526255,0.8718856379833749,0.9673603811544206,0.5134336775854432,150.0,
1.037467961728265,0.8759498273462315,0.958343495340442,0.5062884040079416,150.5,
1.0288016307407195,0.8799473097383579,0.9471257802063984,0.4991081678118074,151.0,
1.022269941247662,0.8838777807359935,0.9376361657033506,0.4918950911701716,151.5,
1.0160527366542478,0.8878190378960846,0.9285933006488044,0.4846445548128945,152.0,
1.0095818618708112,0.8917078792054406,0.9192091037446244,0.4773571108963906,152.5,
1.0021711056516514,0.8955288135074074,0.9086871901051992,0.4700333143877287,153.0,
0.9960801589516456,0.8992815498230452,0.8996517025779946,0.4626737230223678,153.5,
0.9888901841356892,0.9029658023669538,0.8894199329133643,0.4553168889520498,154.0,
0.9833439036112996,0.9065812905690378,0.880328598856395,0.4479981742066095,154.5,
0.9780168331511828,0.9101277390958727,0.8710178532308143,0.4406453426657079,155.0,
0.971269454739804,0.9136048778716728,0.8606973257337084,0.4332589542759345,155.5,
0.9665105819144272,0.9170145271185915,0.8519561612540513,0.4258459058771811,156.0,
0.9642709189136592,0.9203566390080212,0.8437906077784655,0.4184027669221663,156.5,
0.9611479482560776,0.9236286621760852,0.8355739684222535,0.4109277649765381,157.0,
0.958271403007002,0.9268303474455504,0.8268323635715878,0.4034539557034674,157.5,
0.9555537918648884,0.9299614509956884,0.8174206390236671,0.3960494391626709,158.0,
0.9562426841734412,0.9330217343808408,0.8099642643357255,0.3886147619237146,158.5,
0.9569676083062948,0.9360109645485792,0.800708981675032,0.3811570183054977,159.0,
0.9610850290163796,0.9389289138574538,0.7917354777439863,0.3736724137798004,159.5,
0.9634156869587288,0.9417753600943268,0.7815254182638448,0.366186523430259,160.0,
0.9722254834931902,0.944626607915196,0.7703689466330935,0.358799624922068,160.5,
0.9745711187708516,0.9474119547119132,0.7581649948255462,0.3513873596916779,161.0,
0.9606220877936384,0.9501251524202244,0.8008076541524305,0.3439592998166628,161.5,
0.8345938478216024,0.9527659944196196,0.7107623066799361,0.3365305022412943,162.0,
1.1159390360270904,0.9553342795997568,0.7305959382290832,0.3292252925680679,162.5,
0.998804140684582,0.957829812375775,0.6220894483562895,0.3218993271841314,163.0,
0.9924196854432196,0.960252402703192,0.5987508332622318,0.3145533182382952,163.5,
1.155936625556127,0.9626018660923747,0.6545499160001241,0.3073499997446733,164.0,
1.168460589024314,0.96487802362259,1.0134942289864517,0.3001554945156826,164.5,
1.0279245033105655,0.967080701955629,0.5067780540274603,0.2929714972073971,165.0,
1.0199780333946435,0.9692131861663258,0.4723348829996264,0.2859496607302186,165.5,
1.43025858591387,0.9712727920047473,0.7760279835740415,0.2789145494231921,166.0,
1.2932214772874686,0.973258431659622,0.4997043663745231,0.2720364819337799,166.5,
1.43663135633483,0.9751699539168026,0.4876495568379262,0.2651972489771188,167.0,
1.255074146970634,0.9770072132064684,0.3898938312133404,0.2585085718864091,167.5,
1.2478142373831205,0.9787700696142114,0.3507413408176754,0.2518862648578688,168.0,
0.9351669512521522,0.9804583888916908,0.3079690864000751,0.2454640607351665,168.5,
1.1163797657497465,0.9820720424668572,0.2754080349216184,0.2391190887810916,169.0,
1.191930724555854,0.9836109074537432,0.2584398739974854,0.2329933518881857,169.5,
1.181034369129908,0.985074866661822,0.2412607463983043,0.2270136156506277,170.0,
1.1616808438081137,0.9865280640140518,0.2288664038604911,0.2211772582038668,170.5,
1.1425970644247665,0.98791317370721,0.2224298112477917,0.2156026879890506,171.0,
1.1194919111070156,0.9892230499873292,0.2138758759317491,0.2102158904060849,171.5,
1.0925219685156546,0.9904575931022588,0.2076438464901083,0.2050391164749311,172.0,
1.0614883615173127,0.9916167090367614,0.2044542952914022,0.2000984538304134,172.5,
1.0298601334426742,0.9927003095196704,0.2014803788575815,0.1955002210913431,173.0,
0.9963666130899584,0.9937083120306142,0.1983900326654419,0.1912049908329417,173.5,
0.9610828336634238,0.9946406398062986,0.1957279452527132,0.1872127793320487,174.0,
0.9237977130221182,0.995497221846354,0.1934159747498057,0.1834729574631205,174.5,
0.8851411907946918,0.9962779929187416,0.1928478848795611,0.1799083094592778,175.0,
0.8424989526759579,0.9969828935647213,0.194014863100692,0.1765316945938908,175.5,
0.7993808875689126,0.9976118701033796,0.1972957361295968,0.1732799909631468,176.0,
0.7516134461231264,0.9981655440396084,0.202170723000451,0.1701875844455145,176.5,
0.7008926472658908,0.998646887005358,0.2083107778652937,0.1670895454331365,177.0,
0.6467831581603908,0.9990521791442434,0.2155522388661792,0.1642391777202487,177.5,
0.5956410351062604,0.9993813895916992,0.2259758393879417,0.1614084259778816,178.0,
0.5377085694317174,0.9996344932770752,0.2371996521281792,0.1585740188588086,178.5,
0.4748000335619076,0.999811470925546,0.2490643617186604,0.1560422343362094,179.0,
0.4106653726680151,0.9999123090595782,0.2628459631851697,0.1535677003449231,179.5,
0.2578098320511502,0.9998855418663736,0.2966604217531624,0.1486659341928881,180.5,
0.1755233890943131,0.999757938577562,0.3137132510810801,0.1475292513969149,181.0,
0.0886898146935516,0.9995541998510076,0.3203681082682936,0.1537506002745025,181.5,
-0.0068783399723311,0.9992743412022032,0.3283149765295983,0.1599650996711735,182.0,
-0.0955290650735814,0.998918383943468,0.3389042501683191,0.166171229661658,182.5,
-0.163893629520008,0.998486355182326,0.3518557218280714,0.1723647050696454,183.0,
-0.2095163982939149,0.9980360388795002,0.3594873529596601,0.178767755574053,183.5,
-0.197658771196495,0.9975122408833844,0.3648566478771199,0.1851859791132234,184.0,
-0.1787763923406018,0.9969124784681,0.36945926470162,0.191590100023108,184.5,
-0.1591338802377943,0.9962367973078762,0.3717691810926854,0.1979855358331486,185.0,
-0.1337870328612665,0.99548524885845,0.3736997174232753,0.2043687564199952,185.5,
-0.113868141640722,0.9946578903531454,0.3764239680789366,0.2107364135347946,186.0,
-0.0950097443800957,0.9937547847985158,0.379515878946681,0.2172156762148533,186.5,
-0.0802686349639635,0.9927760009695455,0.3827240804670587,0.2237902179956457,187.0,
-0.064148022415174,0.9917216134044132,0.3842967183785167,0.2303477172848986,187.5,
-0.0518726558351062,0.9905917023988134,0.3867823837898397,0.236891559422822,188.0,
-0.0438346139554316,0.9893863539998444,0.3901009238749419,0.2434223217874023,188.5,
-0.0392936930726067,0.9881056599994534,0.3951738102233507,0.249934546599731,189.0,
-0.0345789871840501,0.9867497179274468,0.3989276407603747,0.2565036076265055,189.5,
-0.030613648740211,0.9853186310440628,0.4026237209201309,0.2632067761480899,190.0,
-0.0223466004996019,0.983812508332109,0.402975836738842,0.2698899004546243,190.5,
-0.0195989414560929,0.9822314644886604,0.4065629664965781,0.2765538824813423,191.0,
-0.0221986936688049,0.9805756199163276,0.4125189381507133,0.2832042038911389,191.5,
-0.0250483949029316,0.978845100714085,0.4181340243105182,0.2898329582043394,192.0,
-0.0261434203274981,0.9770415817034624,0.4223766914017707,0.2964396406156389,192.5,
-0.0311363994115972,0.975166394965126,0.4284609638233559,0.3032394451383511,193.0,
-0.0335274004155955,0.9732169455303024,0.433444995023279,0.3100204906529182,193.5,
-0.0397417815946181,0.9711933818571143,0.4400898079850484,0.3167780624323903,194.0,
-0.0441856650313783,0.9690958580477697,0.4462405347955635,0.3235201605220804,194.5,
-0.0471518839118483,0.9669245338368276,0.4516126606275528,0.3302376212989875,195.0,
-0.0529894200370536,0.964679574579033,0.4581544102675818,0.3369387896933625,195.5,
-0.0595331535816829,0.9623611512367256,0.4653838497361156,0.3438160686527834,196.0,
-0.0661444770026806,0.9599694403668187,0.4714733078413913,0.3506671646874384,196.5,
-0.0708444784773175,0.9575046241073556,0.4769803596061326,0.3574924753336539,197.0,
-0.0780534162087567,0.9549668901636365,0.4847758764998547,0.3642983812490121,197.5,
-0.0860710626939877,0.9523564317939264,0.492706211142178,0.3710765444321999,198.0,
-0.0931646714636803,0.9496734477947376,0.4997681663523868,0.3778555357683146,198.5,
-0.1002200327354017,0.9469181424856892,0.5064943014651097,0.3847769406704635,199.0,
-0.1064131052032676,0.9440907256939476,0.5133655509144702,0.3916690433188557,199.5,
-0.1133776567266341,0.9411914127382486,0.5207640145497868,0.3985326751592123,200.0,
-0.120742349489311,0.938220424412499,0.5277741831986966,0.4053732499786949,200.5,
-0.1285676506375245,0.935177986968962,0.5355904003278371,0.4121829540557253,201.0,
-0.1353327088210348,0.932066079341864,0.5432833991189222,0.4189858068480919,201.5,
-0.1429244646918854,0.928931683036989,0.5508442702489207,0.4259213369995039,202.0,
-0.1495655901222677,0.9257265449879456,0.557614807580388,0.4328244315920815,202.5,
-0.1586220671080156,0.9224509092784056,0.5661945520871338,0.4396945649284455,203.0,
-0.1646563505991865,0.9191050253607098,0.5726434677576814,0.446538312316357,203.5,
-0.172782635162349,0.9156891480368732,0.581370857424349,0.4533496802827514,204.0,
-0.1792613643811967,0.9122035374391788,0.5876718383323887,0.4601265239157781,204.5,
-0.1861393895536726,0.9086484590103688,0.5958233135450056,0.4669739588919576,205.0,
-0.1931582743681567,0.9050241834834296,0.6025134849784507,0.4738574003867523,205.5,
-0.1998907316309391,0.9013309868609748,0.6100826254806078,0.4807047558058939,206.0,
-0.20826020863152,0.8975691503942251,0.618538019263561,0.4875172269445775,206.5,
-0.2156579302325968,0.8937389605615932,0.6266844026411633,0.4942996188671738,207.0,
-0.222617496556863,0.8898407090468633,0.6336654649502242,0.5010443679600345,207.5,
-0.2301269157606644,0.885874692716981,0.6422153752038406,0.5077509605844028,208.0,
-0.2368261762386743,0.8818412135994452,0.6493471460123417,0.5145393603923992,208.5,
-0.2440093391214702,0.8777405788593063,0.6570039625857204,0.5213331854276727,209.0,
-0.2520006050824491,0.8735731007757769,0.6651525134484219,0.5280873089224519,209.5,
-0.2575224574410885,0.8693390967184474,0.671445888813042,0.5348012165240836,210.0,
-0.2656554851637331,0.8650388891231198,0.679530318134242,0.5414823601285341,210.5,
-0.2726889749492139,0.8606728054672509,0.6875899763790901,0.548123115765411,211.0,
-0.2802044481495575,0.8562411782450157,0.6951478107383667,0.554722129704877,211.5,
-0.2873945960266911,0.8517443449419846,0.7035953631573092,0.5613072957723686,212.0,
-0.2948159962526619,0.8471826480094238,0.7117021413825773,0.5679733571906855,212.5,
-0.3015843388101313,0.8425564348382159,0.7197096973676488,0.5745961652388545,213.0,
-0.3087001249945267,0.8378660577324055,0.7270527093869472,0.5811752155644005,213.5,
-0.3160393024588996,0.8331118738823684,0.7345433801712288,0.5877106148838351,214.0,
-0.3224381428241042,0.8282942453376114,0.7425359647510033,0.594209460537738,214.5,
-0.3278930252208666,0.8234135389792002,0.7501731919789545,0.6006630548406457,215.0,
-0.3352346652375179,0.8184701264918205,0.7574908575264664,0.607070906326366,215.5,
-0.3419416351627347,0.8134643843354729,0.7643755193790892,0.6134325270121984,216.0,
-0.3490423137476895,0.8083966937168026,0.7729181875666353,0.6198629362689373,216.5,
-0.3550426462045669,0.8032674405600706,0.7794856226412009,0.6262696673232336,217.0,
-0.3623529402180054,0.7980770154777634,0.7878040885493439,0.6326287055176619,217.5,
-0.3687704564270125,0.792825813740847,0.795528029133214,0.6389404378741087,218.0,
-0.3750001963841189,0.7875142352486645,0.8035964598050858,0.6452098013499679,218.5,
-0.3814183175584519,0.7821426844984822,0.8109871013166251,0.6514300555898308,219.0,
-0.3869553960261407,0.7767115705546871,0.8178252393645759,0.6576006521203843,219.5,
-0.3946500253744709,0.7712213070176327,0.8262617743713883,0.6637211911265493,220.0,
-0.4016129793210859,0.7656723119921445,0.8352326873672352,0.6697911855202502,220.5,
-0.4072604911071495,0.7600650080556771,0.8428518477241379,0.6758628093069304,221.0,
-0.4142466642627543,0.754399822226135,0.8503070118778079,0.6819592146283883,221.5,
-0.4201379384639473,0.7486771859293526,0.8571453673296466,0.6880036859590396,222.0,
-0.4266498564841621,0.7428975349662402,0.865310945826072,0.6939957634578794,222.5,
-0.4326116342972937,0.7370613094795954,0.8732918341042558,0.6999349903361176,223.0,
-0.4390597123250609,0.7311689539205848,0.8815849719660098,0.7058209042716104,223.5,
-0.4446288229113699,0.7252209170148972,0.8889384195423732,0.7116540719633152,224.0,
-0.4509441827996394,0.7192176517285723,0.896359270772552,0.7174363105062975,224.5,
-0.4564903013539509,0.7131596152335039,0.903481378745252,0.7231639134965672,225.0,
-0.4622458292737654,0.7070472688726257,0.9117084708221466,0.7288364447549812,225.5,
-0.4685897208103698,0.7008810781247781,0.9197433099813196,0.7344534722963221,226.0,
-0.4744464853725548,0.6946615125692595,0.9278418424318784,0.7400145683621956,226.5,
-0.4792235188647552,0.6883890458500677,0.9352436394508764,0.7455321612024823,227.0,
-0.4854838332807809,0.6820641556398277,0.9428586573812378,0.7510958663762431,227.5,
-0.4911251458385902,0.6756873236034172,0.9509918344775886,0.7566023726917935,228.0,
-0.4934195223246205,0.6692590353612842,0.9549450790985928,0.7620512608073586,228.5,
-0.4989122899548278,0.6628840374856769,0.962131645649694,0.7674421157690114,229.0,
-0.5037451391590825,0.6564924481909274,0.970840883206761,0.7727745270422753,229.5,
-0.5093092348062879,0.6500536898004071,0.9789513726359158,0.7780480885433871,230.0,
-0.5117018518010821,0.6435654273046234,0.9849640682543792,0.7832623986702207,230.5,
-0.5173908217481074,0.6370397791850385,0.992685291252198,0.788420682418911,231.0,
-0.5209800957418875,0.6305298716651548,0.9995864924459368,0.7935196052350473,231.5,
-0.5228047100390827,0.6239719468543484,1.0060122207814162,0.798558098461009,232.0,
-0.5260910305502324,0.6173665041639841,1.0112372755639374,0.803535778396029,232.5,
-0.5298447091478902,0.6107140466240951,1.018276251475564,0.8084522659705093,233.0,
-0.5335049141046198,0.6040150808450812,1.0264211178423504,0.8133071867748852,233.5,
-0.5372696073072232,0.5972701169791205,1.0327385789308163,0.8181001710881421,234.0,
-0.5396889464301149,0.5904796686813265,1.0392929481269764,0.8228989573182608,234.5,
-0.5424899127339154,0.5836521574087031,1.0440712611802316,0.8276710227906329,235.0,
-0.5448999358952531,0.5767810059599612,1.051243948151094,0.832380057910161,235.5,
-0.5468058451209572,0.5698659304045173,1.056460668001048,0.8370257040655884,236.0,
-0.5503660964235101,0.5629074573521468,1.0628899679828885,0.841607607472975,236.5,
-0.5520378168869254,0.5559061167175143,1.069247195587374,0.8461254192026362,237.0,
-0.5565908677163167,0.5488624416798165,1.0786706415125915,0.8505787952057168,237.5,
-0.5582388416532257,0.5417895039090654,1.0845812817712883,0.854968076602,238.0,
-0.5594842273760422,0.5347530193988428,1.089750823906309,0.8592959483661422,238.5,
-0.5623087782359786,0.5276758113758129,1.097146163981661,0.8635583814169161,239.0,
-0.5630687834948143,0.5205584187967662,1.104289934905131,0.8677550511535436,239.5,
-0.5654448594334321,0.5134336775854432,1.1112022221256457,0.8718856379833748,240.0,
-0.5657449717676197,0.5062884040079413,1.1165061738636612,0.8759498273462315,240.5,
-0.5673041134780367,0.4991081678118066,1.1230816225111138,0.8799473097383582,241.0,
-0.5675830114362863,0.4918950911701716,1.1297569591753158,0.8838777807359934,241.5,
-0.5677382035685643,0.4846445548128942,1.1349729160552915,0.8878190378960847,242.0,
-0.5661159279814281,0.4773571108963906,1.1386670927583011,0.8917078792054405,242.5,
-0.5637762480492737,0.4700333143877284,1.1418617158928184,0.8955288135074077,243.0,
-0.5631130325308668,0.4626737230223677,1.1494516369245016,0.8992815498230454,243.5,
-0.5617842265992085,0.4553168889520498,1.154109657506257,0.9029658023669538,244.0,
-0.5586815729834322,0.4479981742066091,1.1588872867826256,0.906581290569038,244.5,
-0.556490242816169,0.4406453426657071,1.163154887520338,0.9101277390958732,245.0,
-0.5509742427962683,0.4332589542759341,1.1640675982689712,0.9136048778716728,245.5,
-0.546806941619404,0.4258459058771806,1.1672467077091555,0.9170145271185915,246.0,
-0.5447253999569242,0.4184027669221663,1.1767476667797594,0.9203566390080212,246.5,
-0.5413235504976852,0.410927764976538,1.1823444542056178,0.9236286621760852,247.0,
-0.5367677591863695,0.4034539557034666,1.1868579000904538,0.9268303474455508,247.5,
-0.5282542284521966,0.3960494391626709,1.1860667205170974,0.9299614509956884,248.0,
-0.5222678896832496,0.3886147619237142,1.191001521292508,0.9330217343808408,248.5,
-0.513295662807942,0.3811570183054977,1.1931818571549346,0.9360109645485792,249.0,
-0.5063032776541118,0.3736724137798001,1.1963371633165465,0.938928913857454,249.5,
-0.4974779908110874,0.3661865234302583,1.1975294113480723,0.9417753600943272,250.0,
-0.4888143917972425,0.3587996249220681,1.2020289254503034,0.944626607915196,250.5,
-0.4800085063241515,0.3513873596916776,1.2058947673344058,0.9474119547119132,251.0,
-0.4704095341902214,0.3439592998166629,1.213029580670853,0.9501251524202244,251.5,
-0.4584264333286572,0.336530502241294,1.2119683335806948,0.9527659944196198,252.0,
-0.4496201626170579,0.3292252925680677,1.218025323689896,0.9553342795997568,252.5,
-0.4182869369278116,0.3218993271841314,1.1831562618575584,0.957829812375775,253.0,
-0.4053249593092917,0.3145533182382949,1.1819828472271985,0.960252402703192,253.5,
-0.3920964860848525,0.3073499997446726,1.183556328165166,0.962601866092375,254.0,
-0.3766087201803766,0.3001554945156827,1.185567005660444,0.96487802362259,254.5,
-0.3818478932222828,0.2929714972073968,1.2333098387880004,0.9670807019556292,255.0,
-0.34567447715605,0.2859496607302186,1.1940361848543437,0.9692131861663258,255.5,
-0.3305095609272756,0.2789145494231919,1.198514639707229,0.9712727920047474,256.0,
-0.3091767105890809,0.2720364819337793,1.1881013921802217,0.9732584316596222,256.5,
-0.3063263304369084,0.265197248977119,1.2467902154545758,0.9751699539168026,257.0,
-0.2482365201953092,0.2585085718864087,1.1438457676444442,0.9770072132064684,257.5,
-0.2365010651177689,0.2518862648578688,1.1775889656994831,0.9787700696142114,258.0,
-0.2136635219365086,0.2454640607351662,1.18751480897831,0.980458388891691,258.5,
-0.1842663777801324,0.2391190887810914,1.185774694202096,0.9820720424668572,259.0,
-0.15740366949485,0.2329933518881858,1.190178959166731,0.9836109074537432,259.5,
-0.1256714508563985,0.2270136156506275,1.1881195712862254,0.9850748666618222,260.0,
-0.0973234698804049,0.2211772582038663,1.1973778910391584,0.986528064014052,260.5,
-0.058599983475499,0.2156026879890503,1.1686439430254465,0.9879131737072102,261.0,
-0.0273147461572426,0.2102158904060846,1.1972647236162388,0.9892230499873292,261.5,
0.0123016423471037,0.2050391164749311,1.2023397771556974,0.9904575931022588,262.0,
0.051326280427177,0.2000984538304132,1.2226335105207675,0.9916167090367614,262.5,
0.0982866865246545,0.1955002210913427,1.1984491995064033,0.9927003095196706,263.0,
0.1422870257849479,0.1912049908329417,1.2005241756229426,0.9937083120306142,263.5,
0.1896246701710148,0.1872127793320485,1.2009920580550832,0.9946406398062986,264.0,
0.2391931174940723,0.1834729574631205,1.1988579363075642,0.995497221846354,264.5,
0.2863398325339263,0.1799083094592777,1.1983529746580217,0.9962779929187416,265.0,
0.338576056123414,0.1765316945938906,1.207048223029458,0.9969828935647213,265.5,
0.3919998523192867,0.1732799909631468,1.195299880591444,0.9976118701033796,266.0,
0.4424158400382044,0.1701875844455144,1.200327169439384,0.9981655440396084,266.5,
0.4990432244611814,0.1670895454331365,1.1991151898145749,0.998646887005358,267.0,
0.5607615555043368,0.1642391777202486,1.2021134293720246,0.9990521791442434,267.5,
0.616798959551912,0.1614084259778815,1.196363403434631,0.9993813895916992,268.0,
0.6777771808049419,0.1585740188588087,1.1984739055250992,0.9996344932770752,268.5,
0.7422566893797973,0.1560422343362093,1.2045788936358952,0.999811470925546,269.0,
0.8079361126976442,0.1535677003449228,1.2017126440278991,0.9999123090595782,269.5,
0.9336797911076296,0.1486659341928879,1.196472641657375,0.9998855418663736,270.5,
0.9877114568700076,0.1475292513969149,1.1948290672969435,0.999757938577562,271.0,
0.992589376761498,0.1537506002745028,1.177780367117386,0.9995541998510076,271.5,
1.0121754825615084,0.1599650996711741,1.194054833517599,0.999274341202203,272.0,
1.0192008473721017,0.1661712296616579,1.194544819699061,0.998918383943468,272.5,
1.0355447941796865,0.1723647050696457,1.200158902317455,0.998486355182326,273.0,
1.0244089712913915,0.1787677555740529,1.181168435330936,0.9980360388795002,273.5,
1.0376019697089327,0.1851859791132237,1.1904925531879125,0.9975122408833844,274.0,
1.0274098377767389,0.1915901000231083,1.1668939899611943,0.9969124784680998,274.5,
1.0334359906442692,0.1979855358331486,1.1682278915901367,0.9962367973078762,275.0,
1.051422415595856,0.2043687564199955,1.180504449858914,0.99548524885845,275.5,
1.0490485659926083,0.2107364135347952,1.1747547289047473,0.9946578903531452,276.0,
1.0565404522692077,0.2172156762148532,1.1769101133884865,0.9937547847985158,276.5,
1.0451829896540832,0.2237902179956459,1.1594215577572649,0.9927760009695455,277.0,
1.0549188397464369,0.2303477172848985,1.1674182400649091,0.9917216134044132,277.5,
1.060961818613173,0.2368915594228223,1.1718067753331565,0.9905917023988132,278.0,
1.055941118306828,0.2434223217874029,1.1639007713120362,0.9893863539998444,278.5,
1.0528663442595567,0.249934546599731,1.1558363639263944,0.9881056599994534,279.0,
1.0391713342079396,0.2565036076265057,1.1373530199737445,0.9867497179274466,279.5,
1.0418186530786568,0.2632067761480898,1.1406303935958362,0.985318631044063,280.0,
1.0540183108806649,0.2698899004546246,1.1523619343999305,0.9838125083321088,280.5,
1.0538354831547847,0.2765538824813426,1.1522007071620333,0.9822314644886604,281.0,
1.0519779876393582,0.2832042038911389,1.1493070933739165,0.9805756199163276,281.5,
1.056578151122359,0.2898329582043397,1.15330917357277,0.978845100714085,282.0,
1.042489452092327,0.2964396406156395,1.1392400337536688,0.9770415817034622,282.5,
1.0521475952685546,0.3032394451383514,1.1528145091021802,0.9751663949651258,283.0,
1.0426980830092154,0.3100204906529185,1.1446008644108308,0.9732169455303024,283.5,
1.0414063106779357,0.3167780624323902,1.1451615048039052,0.9711933818571143,284.0,
1.0359134384401414,0.3235201605220806,1.1396878814456326,0.9690958580477697,284.5,
1.0332334785624733,0.3302376212989881,1.137526207714504,0.9669245338368272,285.0,
1.0329190530207304,0.3369387896933624,1.1374877555531486,0.9646795745790332,285.5,
1.025343023054569,0.3438160686527838,1.132323390589426,0.9623611512367256,286.0,
1.0270763782407355,0.3506671646874384,1.1366971803023471,0.959969440366819,286.5,
1.0175428440736134,0.3574924753336542,1.1276093647960643,0.9575046241073554,287.0,
1.0120333889115014,0.3642983812490127,1.1243041716256867,0.954966890163636,287.5,
1.0068745590382462,0.3710765444321999,1.1209105146415257,0.9523564317939264,288.0,
1.0017752804518298,0.377855535768315,1.1172840794792076,0.9496734477947376,288.5,
0.9945892066586884,0.3847769406704635,1.1123131960368795,0.9469181424856892,289.0,
0.9795603472507738,0.3916690433188561,1.0981534687017958,0.9440907256939476,289.5,
0.9725861982957889,0.3985326751592126,1.0932412929985738,0.9411914127382484,290.0,
0.9849208934093036,0.4053732499786948,1.107469622315947,0.938220424412499,290.5,
0.9773959253062368,0.4121829540557256,1.1019348309019945,0.935177986968962,291.0,
0.9542439755533824,0.4189858068480925,1.0789131957795486,0.9320660793418636,291.5,
0.9503865765352634,0.4259213369995038,1.076364364085913,0.928931683036989,292.0,
0.9423629315959544,0.4328244315920819,1.0708550744102938,0.9257265449879456,292.5,
0.942898083632231,0.4396945649284455,1.0728402458123711,0.9224509092784056,293.0,
0.9411679414687724,0.4465383123163574,1.0733544427277906,0.9191050253607096,293.5,
0.9364483397912896,0.4533496802827522,1.0704169341775274,0.915689148036873,294.0,
0.9205429957082134,0.4601265239157781,1.0558375893008567,0.9122035374391788,294.5,
0.9696470534418729,0.4669739588919579,1.1118680171694042,0.9086484590103686,295.0,
0.9245146842671148,0.4738574003867522,1.0667561469605096,0.9050241834834296,295.5,
0.9577609905271413,0.4807047558058943,1.1065968798126151,0.9013309868609743,296.0,
0.951581459926956,0.4875172269445778,1.1035616965793311,0.897569150394225,296.5,
0.9425337360954008,0.4942996188671737,1.0980713611980897,0.8937389605615932,297.0,
0.9304077418390522,0.5010443679600347,1.090188838890458,0.8898407090468632,297.5,
0.9216828913200232,0.5077509605844035,1.0829818768904098,0.8858746927169807,298.0,
0.916898632642789,0.5145393603923996,1.082496634919961,0.881841213599445,298.5,
0.9055718990576066,0.5213331854276728,1.0741155056418847,0.8777405788593061,299.0,
0.9018232401515908,0.5280873089224518,1.0728839307327664,0.8735731007757769,299.5,
0.8903193655638364,0.534801216524084,1.0665819939992345,0.8693390967184472,300.0,
0.8808869396454352,0.5414823601285348,1.0589303001238706,0.8650388891231193,300.5,
0.8709041787815671,0.548123115765411,1.0520095971709178,0.8606728054672509,301.0,
0.8584971699621473,0.5547221297048772,1.0426517438326923,0.8562411782450154,301.5,
0.8491021282503596,0.5613072957723686,1.0366537770778184,0.8517443449419846,302.0,
0.8420318730018579,0.5679733571906859,1.0318841271881471,0.8471826480094236,302.5,
0.830253818182659,0.5745961652388548,1.0256197486260092,0.8425564348382157,303.0,
0.8189086479909061,0.5811752155644005,1.018389748882096,0.8378660577324055,303.5,
0.8104893269840461,0.5877106148838354,1.0119522951513986,0.8331118738823682,304.0,
0.8030824373848746,0.594209460537738,1.00791807931843,0.8282942453376114,304.5,
0.7915375484443621,0.600663054840646,0.999639594308323,0.8234135389792,305.0,
0.7830665270235493,0.6070709063263662,0.993347684534389,0.8184701264918203,305.5,
0.7710536373087009,0.6134325270121984,0.9851616254179376,0.8134643843354729,306.0,
0.762022593184023,0.6198629362689376,0.9789785568610878,0.8083966937168023,306.5,
0.7496575472785988,0.6262696673232342,0.9707029781501502,0.8032674405600702,307.0,
0.7402539254348596,0.6326287055176619,0.9641034628319513,0.7980770154777634,307.5,
0.7299544322807776,0.6389404378741089,0.9572208676677704,0.7928258137408469,308.0,
0.7199021906858908,0.6452098013499679,0.9501242671795654,0.7875142352486645,308.5,
0.7103740553835236,0.651430055589831,0.9432813219678788,0.782142684498482,309.0,
0.6985609613062669,0.6576006521715485,0.9338874900000388,0.7767115705546865,309.5,
0.6884501694034608,0.6637211911293665,0.9270589173848308,0.7712213070176327,310.0,
0.6796940323992057,0.6697911855202768,0.920897228261096,0.7656723119921442,310.5,
0.6724087440160306,0.6758628093069304,0.9151254556436348,0.7600650080556771,311.0,
0.6624852928547883,0.6819592146283886,0.908319528448728,0.7543998222261348,311.5,
0.65125946149742,0.6880036859590398,0.899985163982323,0.7486771859293523,312.0,
0.6477114269217606,0.6939957634578794,0.896986194798978,0.7428975349662402,312.5,
0.6344871905128461,0.6999349903361177,0.8877100792665633,0.7370613094795951,313.0,
0.6257976315360703,0.705820904271611,0.8813906167104288,0.7311689539205842,313.5,
0.6195703358475373,0.7116540719633152,0.8770671222212911,0.7252209170148972,314.0,
0.6111158486771369,0.7174363105062979,0.8703959627427148,0.719217651728572,314.5,
0.6010799891552993,0.7231639134965672,0.8638640540263421,0.7131596152335039,315.0,
0.588949675689228,0.7288364447549815,0.8564239312457663,0.7070472688726254,315.5,
0.5760867394801622,0.7344534722963225,0.8494451787707961,0.7008810781247774,316.0,
0.5716078255503251,0.7400145683621955,0.8443725875931847,0.6946615125692595,316.5,
0.5584059499264431,0.7455321612024826,0.8364094248151049,0.6883890458500674,317.0,
0.5517190080011903,0.751095866376243,0.8309343819074151,0.6820641556398278,317.5,
0.5416677998181408,0.7566023726917939,0.8239370664613873,0.6756873236034169,318.0,
0.5276913525230998,0.7620512608073589,0.8153768965710031,0.6692590353612838,318.5,
0.5215288777330237,0.7674421157690113,0.8106528013037887,0.6628840374856769,319.0,
0.5088566245408551,0.7727745270422758,0.8024855286649312,0.6564924481909267,319.5,
0.5014887800206387,0.7780480885433871,0.7979608743588236,0.6500536898004073,320.0,
0.4905169829593719,0.7832623986702207,0.7900939971798738,0.6435654273046236,320.5,
0.4843399469384868,0.7884206824189115,0.7863850591734329,0.6370397791850378,321.0,
0.4687872330963519,0.7935196052350473,0.776016139712097,0.6305298716651548,321.5,
0.4621719268416798,0.798558098461009,0.7709231757526867,0.6239719468543484,322.0,
0.4526516186905299,0.8035357783960295,0.7648574148104936,0.6173665041639832,322.5,
0.4391050958158902,0.8084522659705093,0.7563548501764534,0.6107140466240953,323.0,
0.430029768772767,0.8133071867748858,0.7499747063894261,0.6040150808450805,323.5,
0.4177120120977087,0.818100171088142,0.7420521918021136,0.5972701169791206,324.0,
0.4075622414858575,0.8228989573182608,0.7355142872531841,0.5904796686813266,324.5,
0.3963895438867875,0.8276710227906332,0.7279722551815183,0.5836521574087025,325.0,
0.3851053488282021,0.832380057910161,0.7207912126112163,0.5767810059599613,325.5,
0.3738120376356851,0.8370257040655888,0.7137217142229401,0.5698659304045168,326.0,
0.362551580593534,0.841607607472975,0.7063971563353169,0.562907457352147,326.5,
0.3516610308389601,0.8461254192026362,0.6988747311189647,0.5559061167175144,327.0,
0.3390344480586063,0.8505787952057171,0.6907326612572136,0.5488624416798157,327.5,
0.3277032448241572,0.854968076602,0.6836463093936421,0.5417895039090657,328.0,
0.3165625756281454,0.8592959483661422,0.6766393396593952,0.5347530193988428,328.5,
0.3046122516517158,0.8635583814169165,0.6687019544268239,0.5276758113758122,329.0,
0.293035278312228,0.8677550511535435,0.661099443870571,0.5205584187967663,329.5,
0.2821188340364217,0.8718856379833752,0.6545500269020045,0.5134336775854426,330.0,
0.2690896515327421,0.8759498273462315,0.646131896826981,0.5062884040079414,330.5,
0.2558130895828692,0.8799473097383582,0.6377473606821887,0.4991081678118067,331.0,
0.2434031833901059,0.8838777807359939,0.6298029286947505,0.4918950911701711,331.5,
0.2339296533258682,0.8878190378960847,0.6233475691149909,0.4846445548128943,332.0,
0.2213438226917894,0.8917078792054408,0.6159841176569171,0.4773571108963899,332.5,
0.2088616166794777,0.8955288135074075,0.6082036780332521,0.4700333143877284,333.0,
0.1978436993847273,0.8992815498230454,0.6009464305448209,0.4626737230223676,333.5,
0.1844368469610085,0.902965802366954,0.5928026038832004,0.4553168889520492,334.0,
0.1735185534513195,0.906581290569038,0.5862357165590096,0.4479981742066092,334.5,
0.160647673751905,0.9101277390958732,0.5779312599313323,0.4406453426657072,335.0,
0.1484222710414976,0.9136048778716732,0.5694425666099614,0.4332589542759334,335.5,
0.1362245972675276,0.9170145271185915,0.561713145064339,0.4258459058771807,336.0,
0.1238103856587282,0.9203566390080216,0.5542999804536963,0.4184027669221656,336.5,
0.1119562279081039,0.9236286621760852,0.546889501669911,0.410927764976538,337.0,
0.0988689176755445,0.9268303474455508,0.5395531049397463,0.4034539557034667,337.5,
0.0877362809005658,0.9299614509956888,0.5339407520213906,0.3960494391626701,338.0,
0.0748281740476485,0.9330217343808408,0.5271547505150246,0.3886147619237142,338.5,
0.0628177978952514,0.9360109645485796,0.5213538593358839,0.381157018305497,339.0,
0.0499757241986206,0.938928913857454,0.5140433643445894,0.3736724137798002,339.5,
0.0352581585711681,0.9417753600943272,0.5060130501839405,0.3661865234302583,340.0,
0.0231303116516298,0.9446266079151964,0.4997757088608098,0.3587996249220676,340.5,
0.0107851022548429,0.9474119547119132,0.4935404162584789,0.3513873596916778,341.0,
-0.0007117775156421802,0.9501251524202246,0.4882869441088912,0.3439592998166622,341.5,
-0.0139771312349147,0.9527659944196198,0.4816934245474348,0.3365305022412941,342.0,
-0.0285647411854208,0.9553342795997568,0.4744160866619951,0.3292252925680677,342.5,
-0.0405621814959008,0.9578298123757752,0.4693519611783239,0.3218993271841308,343.0,
-0.0516480992298912,0.960252402703192,0.464554092798765,0.314553318238295,343.5,
-0.0619237678053419,0.962601866092375,0.4604121348088584,0.3073499997446727,344.0,
-0.0749558221428912,0.96487802362259,0.4527619646134108,0.3001554945156819,344.5,
-0.0908988920307672,0.9670807019556292,0.4459035738137674,0.2929714972073968,345.0,
-0.0999628781192125,0.969213186166326,0.4415167288711767,0.2859496607302179,345.5,
-0.1124851550176794,0.9712727920047474,0.4360043586898162,0.2789145494231919,346.0,
-0.1224008073841673,0.9732584316596222,0.4319670963033933,0.2720364819337794,346.5,
-0.1336780918039665,0.9751699539168028,0.4267648416604984,0.2651972489771183,347.0,
-0.1431598053585627,0.9770072132064684,0.4220947723627901,0.2585085718864087,347.5,
-0.1539813996924581,0.9787700696142116,0.417502559581332,0.2518862648578682,348.0,
-0.1614348906387845,0.9804583888916908,0.4133790312728188,0.2454640607351662,348.5,
-0.1712187998194386,0.9820720424668572,0.4079921833187642,0.2391190887810914,349.0,
-0.1824803886535861,0.9836109074537434,0.40307344004159,0.2329933518881852,349.5,
-0.1843597020194926,0.9850748666618222,0.4020504808170519,0.2270136156506276,350.0,
-0.1915030545537469,0.986528064014052,0.3972092247342001,0.2211772582038663,350.5,
-0.1973908127538079,0.9879131737072104,0.3948246359564985,0.2156026879890497,351.0,
-0.1972300008352045,0.9892230499873292,0.393125879261806,0.2102158904060847,351.5,
-0.2047802491468043,0.9904575931022588,0.3880881977909147,0.2050391164749307,352.0,
-0.2039593434927193,0.9916167090367614,0.3863329271797319,0.2000984538304132,352.5,
-0.2079535397700823,0.9927003095196706,0.3825092026730919,0.1955002210913427,353.0,
-0.2072682846818193,0.9937083120306144,0.3788835718118055,0.1912049908329413,353.5,
-0.2005504110493695,0.9946406398062986,0.377391072339255,0.1872127793320485,354.0,
-0.2048385645247375,0.995497221846354,0.3707101422082082,0.1834729574631201,354.5,
-0.2010915722891749,0.9962779929187414,0.36852699855366,0.1799083094592777,355.0,
-0.2035814860025231,0.9969828935647213,0.3622523321181801,0.1765316945938907,355.5,
-0.2096860487116985,0.9976118701033796,0.3563455601332389,0.1732799909631465,356.0,
-0.223918724860666,0.9981655440396084,0.3482418249512449,0.1701875844455144,356.5,
-0.2493415805591729,0.998646887005358,0.3377337357802912,0.1670895454331362,357.0,
-0.2929515065546866,0.9990521791442434,0.3230924075488063,0.1642391777202486,357.5,
-0.3717949131037484,0.9993813895916992,0.2997764031190989,0.1614084259778815,358.0,
-0.9451605124926592,0.9996344932770752,0.1254384090422074,0.1585740188588084,358.5,
-0.9982617664841246,0.999811470925546,0.129653797380687,0.1560422343362093,359.0,
-1.0562838911749957,0.999912309059578,0.13512900180877,0.1535677003449228,359.5,
